TIME_PERIOD,TIME_IDENTIFIER,TRUST_GROUP_TYPE,TRUST_NAME,TRUST_UID,TRUST_ID,TRUST_COMPANIES_HOUSE_NUMBER,TRUST_UKPRN,TRUST_LEADREGION,INSTITUTIONS_MATPTINC,NUMINST_MATPTINC,NUMINST_CONVERTER_MATPTINC,NUMINST_SPONSOR_MATPTINC,NUMINST_OTHERACADEMY_MATPTINC,NUMINST_FSM6CLA1A_MATPTINC,NUMINST_3_MATPTINC,NUMINST_4_MATPTINC,NUMINST_5PLUS_MATPTINC,TPUP_MATPTINC,KS2ASS_MATPTINC,PFSM6CLA1A_MATPTINC,PNOTFSM6CLA1A_MATPTINC,PEALGRP2_MATPTINC,PSEN_ALL4_MATPTINC,ATT8SCR_WGTAVG,P8MEACOV,P8MEA_WGTAVG,P8CILOW,P8CIUPP,PTL2BASICS_95_WGTAVG,EBACCAPS_WGTAVG,PTEBACC_95_WGTAVG,PTEBACC_94_WGTAVG,PTEBACC_E_PTQ_EE_WGTAVG,ATT8SCR_WGTAVG_FSM6CLA1A,P8MEACOV_FSM6CLA1A,P8MEA_WGTAVG_FSM6CLA1A,P8CILOW_FSM6CLA1A,P8CIUPP_FSM6CLA1A,PTL2BASICS_95_WGTAVG_FSM6CLA1A,EBACCAPS_WGTAVG_FSM6CLA1A,PTEBACC_95_WGTAVG_FSM6CLA1A,PTEBACC_94_WGTAVG_FSM6CLA1A,PTEBACC_E_PTQ_EE_WGTAVG_FSM6CLA1A,ATT8SCR_WGTAVG_NFSM6CLA1A,P8MEACOV_NFSM6CLA1A,P8MEA_WGTAVG_NFSM6CLA1A,P8CILOW_NFSM6CLA1A,P8CIUPP_NFSM6CLA1A,PTL2BASICS_95_WGTAVG_NFSM6CLA1A,EBACCAPS_WGTAVG_NFSM6CLA1A,PTEBACC_95_WGTAVG_NFSM6CLA1A,PTEBACC_94_WGTAVG_NFSM6CLA1A,PTEBACC_E_PTQ_EE_WGTAVG_NFSM6CLA1A,INSTITUTIONS_INMAT,NUMINST_INMAT,NUMINST_CONVERTER_INMAT,NUMINST_SPONSOR_INMAT,NUMINST_OTHERACADEMY_INMAT,TPUP_INMAT,PFSM6CLA1A_INMAT,PNOTFSM6CLA1A_INMAT
202122,AcademicYear,Multi-academy trust,ACTIVATE LEARNING EDUCATION TRUST,15710,TR02786,8707909,10060613,South East,139268;141111;142024;145155;145945;146375,6,0,2,4,6,0,2,4,617,103.5,22%,78%,11%,24%,43.9,92%,-0.54,-0.65,-0.42,41%,3.7,11%,14%,20%,34.3,97%,-1.13,-1.37,-0.88,23%,2.78,2%,3%,9%,46.6,90%,-0.36,-0.49,-0.23,47%,3.95,13%,18%,23%,139268;141111;142024;145155;145945;146375,6,0,2,4,617,22%,78%
202122,AcademicYear,Multi-academy trust,ACER TRUST,15720,TR01414,9591931,10060976,South East,142104;143984;144008,3,3,0,0,3,0,0,3,538,104.2,15%,85%,8%,19%,50,95%,0.01,-0.11,0.13,50%,4.36,17%,21%,26%,34.7,94%,-0.95,-1.26,-0.64,19%,2.85,4%,4%,7%,52.8,95%,0.18,0.05,0.32,56%,4.63,20%,24%,29%,142104;143984;144008,3,3,0,0,538,15%,85%
202122,AcademicYear,Multi-academy trust,RED KITE LEARNING TRUST,15727,TR00969,7523507,10054307,Yorkshire and the Humber,136497;138304;141883;146247,4,2,1,1,4,1,1,2,771,104.1,23%,77%,7%,14%,51.6,93%,0.04,-0.06,0.14,59%,4.69,34%,41%,50%,35,92%,-0.72,-0.94,-0.51,30%,3.13,17%,21%,33%,56.2,94%,0.25,0.13,0.37,67%,5.12,39%,46%,55%,136497;138304;141883;146247,4,2,1,1,771,23%,77%
202122,AcademicYear,Multi-academy trust,CONSILIUM ACADEMIES,15728,TR00082,9495671,10061209,North East,138314;143059;143845;144199;144200;144937;144990;145490,8,5,3,0,8,0,2,6,1147,103.3,37%,63%,12%,16%,41.1,96%,-0.69,-0.77,-0.61,35%,3.46,9%,13%,20%,32.9,95%,-1.14,-1.27,-1,17%,2.72,3%,7%,15%,46.1,96%,-0.42,-0.52,-0.31,47%,3.92,12%,16%,23%,138314;143059;143845;144199;144200;144937;144990;145490,8,5,3,0,1147,37%,63%
202122,AcademicYear,Multi-academy trust,THE FUTURES TRUST,15732,TR01671,8678162,10060589,West Midlands,140248;142339;145179,3,2,1,0,3,0,1,2,564,100.7,34%,66%,32%,18%,47.8,92%,0.36,0.23,0.48,48%,4.14,13%,17%,24%,43,94%,-0.03,-0.23,0.18,39%,3.69,9%,14%,21%,50.3,90%,0.56,0.41,0.71,52%,4.37,16%,18%,26%,140248;142339;145179;148417,4,3,1,0,723,31%,69%
202122,AcademicYear,Multi-academy trust,THE GREAT SCHOOLS TRUST,15758,TR00892,7641004,10058757,North West,137675;138260;138562,3,0,1,2,3,0,0,3,347,102,44%,56%,24%,17%,45.8,80%,-0.01,-0.18,0.15,45%,4.26,29%,39%,70%,33.8,81%,-0.63,-0.88,-0.38,25%,3.05,14%,23%,51%,55.4,80%,0.48,0.26,0.7,61%,5.23,40%,52%,85%,137675;138260;138562,3,0,1,2,347,44%,56%
202122,AcademicYear,Multi-academy trust,MAIDEN ERLEGH TRUST,15762,TR01378,7548754,10058569,South East,136637;141886;146103,3,1,1,1,3,0,1,2,518,104.6,15%,85%,32%,11%,55.3,89%,0.48,0.35,0.6,63%,5.19,37%,50%,68%,40.2,91%,-0.14,-0.47,0.18,36%,3.63,12%,24%,44%,58.1,89%,0.59,0.45,0.73,68%,5.47,42%,54%,72%,136637;141886;146103,3,1,1,1,518,15%,85%
202122,AcademicYear,Multi-academy trust,CUMBRIA EDUCATION TRUST,15765,TR02488,7698631,10059094,North West,137252;141499;146634,3,1,2,0,3,1,0,2,497,102.4,23%,77%,2%,14%,45,99%,-0.23,-0.36,-0.11,40%,3.85,9%,17%,28%,33.2,99%,-0.85,-1.11,-0.59,19%,2.82,2%,10%,26%,48.3,98%,-0.06,-0.2,0.08,46%,4.14,11%,19%,28%,137252;141499;146634,3,1,2,0,497,23%,77%
202122,AcademicYear,Multi-academy trust,FINHAM PARK MULTI-ACADEMY TRUST,15766,TR00790,7700317,10059110,West Midlands,136963;141939;142960,3,2,0,1,3,0,0,3,500,103.4,22%,78%,21%,14%,49.8,92%,0.08,-0.05,0.21,51%,4.5,30%,40%,67%,37.2,93%,-0.59,-0.87,-0.32,25%,3.07,9%,17%,35%,53.3,92%,0.27,0.12,0.41,58%,4.9,36%,47%,75%,136963;141939;142960;148429,4,3,0,1,636,26%,74%
202122,AcademicYear,Multi-academy trust,UNITED ENDEAVOUR TRUST,15863,TR03224,9679560,10061008,West Midlands,142277;142278;145047,3,3,0,0,3,0,0,3,379,104.1,23%,77%,5%,7%,46.2,99%,-0.38,-0.52,-0.23,40%,3.84,10%,13%,26%,38.6,99%,-0.66,-0.96,-0.37,24%,3.09,2%,6%,18%,48.4,99%,-0.29,-0.45,-0.13,45%,4.06,12%,15%,28%,142277;142278;145047,3,3,0,0,379,23%,77%
202122,AcademicYear,Multi-academy trust,GIRLS' LEARNING TRUST,15882,TR01513,7627961,10058720,London,136789;136795;136797,3,3,0,0,3,0,1,2,656,110.8,14%,86%,30%,6%,72.6,93%,0.69,0.57,0.8,85%,6.64,51%,55%,60%,59.7,98%,0.26,-0.03,0.56,65%,5.11,24%,28%,37%,74.5,92%,0.75,0.63,0.87,88%,6.87,55%,59%,64%,136789;136795;136797,3,3,0,0,656,14%,86%
202122,AcademicYear,Multi-academy trust,THE DE FERRERS TRUST,15884,TR00635,7442789,10058411,West Midlands,136414;144069;144533,3,3,0,0,3,0,0,3,716,102.5,25%,75%,9%,17%,48.2,97%,0.11,0.01,0.22,53%,4.19,20%,26%,30%,36.7,97%,-0.32,-0.53,-0.11,29%,3.09,4%,9%,15%,52.2,97%,0.26,0.14,0.38,61%,4.57,25%,31%,35%,136414;144069;144533,3,3,0,0,716,25%,75%
202122,AcademicYear,Multi-academy trust,ANGLIAN LEARNING,16031,TR00257,7564749,10058649,East of England,136677;136775;137427;142035,4,3,1,0,4,0,0,4,741,104.9,16%,84%,9%,11%,54.1,94%,0.23,0.12,0.33,58%,4.89,30%,36%,41%,39.1,93%,-0.43,-0.69,-0.17,29%,3.44,12%,16%,25%,57,95%,0.36,0.24,0.47,63%,5.18,33%,40%,44%,136442;136677;136775;137427;138734;142035,6,5,1,0,1079,14%,86%
202122,AcademicYear,Multi-academy trust,THE WENSUM TRUST,16054,TR01023,7982312,10059670,East of England,138039;138758;145089,3,3,0,0,3,0,1,2,428,102.8,26%,74%,6%,8%,43.6,98%,-0.39,-0.52,-0.25,39%,3.97,13%,21%,42%,35,96%,-0.78,-1.04,-0.51,27%,3.18,8%,12%,29%,46.7,99%,-0.25,-0.41,-0.1,43%,4.25,15%,24%,47%,138039;138758;145089,3,3,0,0,428,26%,74%
202122,AcademicYear,Multi-academy trust,LAUNCESTON COLLEGE,16055,TR01285,8150106,10059947,South West,139155;142540;146567,3,1,1,1,3,1,0,2,491,102.8,30%,70%,2%,18%,43.4,97%,-0.41,-0.54,-0.29,36%,4.07,21%,33%,71%,33.2,96%,-1.02,-1.26,-0.79,19%,3.01,10%,18%,55%,47.6,98%,-0.17,-0.32,-0.02,43%,4.51,25%,38%,78%,139155;142540;146567,3,1,1,1,491,30%,70%
202122,AcademicYear,Multi-academy trust,THE TWO COUNTIES TRUST,16093,TR00097,7972029,10059639,East Midlands,137158;137981;142725;142741;144391;145109;145966;146451,8,6,2,0,8,1,2,5,1667,103,27%,73%,3%,14%,46.2,98%,-0.15,-0.22,-0.08,45%,3.91,13%,20%,28%,36.1,98%,-0.59,-0.72,-0.46,25%,2.94,5%,8%,16%,49.9,98%,0.01,-0.07,0.09,52%,4.26,17%,24%,32%,137158;137981;142725;142741;144391;145109;145966;146451;147400,9,7,2,0,1820,28%,72%
202122,AcademicYear,Multi-academy trust,ASTREA ACADEMY TRUST,16104,TR03436,9791051,10061035,Yorkshire and the Humber,136992;137305;137434;143907;146369;146370;146501,7,4,3,0,7,2,3,2,1384,102.8,27%,73%,8%,16%,45.6,97%,-0.2,-0.27,-0.12,42%,4.21,23%,32%,54%,32.9,97%,-0.92,-1.07,-0.78,20%,2.96,10%,16%,41%,50.2,97%,0.07,-0.02,0.16,51%,4.67,28%,38%,59%,136992;137305;137434;143907;146369;146370;146501,7,4,3,0,1384,27%,73%
202122,AcademicYear,Multi-academy trust,TOVE LEARNING TRUST,16243,TR01990,7525820,10058513,East Midlands,129342;135335;135956;136488;143421;145736;146209,7,2,5,0,7,3,2,2,1241,103.1,28%,72%,11%,14%,47.4,97%,-0.11,-0.19,-0.03,48%,4.07,11%,16%,24%,39.2,98%,-0.46,-0.61,-0.31,34%,3.25,4%,8%,16%,50.2,96%,0.02,-0.08,0.11,52%,4.35,13%,19%,27%,129342;135335;135956;136488;143421;145736;146209;148835,8,2,6,0,1514,30%,70%
202122,AcademicYear,Multi-academy trust,EMPOWER LEARNING ACADEMY TRUST,16251,TR00946,7702119,10059123,London,136576;137197;139307,3,3,0,0,3,0,0,3,479,104.5,26%,74%,11%,12%,45.7,95%,-0.49,-0.62,-0.36,41%,4.09,19%,28%,48%,36.8,95%,-1.01,-1.27,-0.76,24%,3.18,7%,14%,33%,48.8,95%,-0.3,-0.45,-0.15,47%,4.4,23%,32%,54%,136576;137197;139307,3,3,0,0,479,26%,74%
202122,AcademicYear,Multi-academy trust,DANES EDUCATIONAL TRUST,16254,TR02032,7671949,10058906,East of England,136901;144402;147246;147535,4,3,0,1,4,2,0,2,688,106,13%,87%,9%,16%,58.3,93%,0.4,0.29,0.51,64%,5.3,37%,47%,59%,40.6,95%,-0.36,-0.66,-0.05,32%,3.46,11%,15%,37%,60.5,93%,0.5,0.39,0.62,68%,5.54,40%,51%,62%,136901;139416;144402;147246;147535,5,3,0,2,784,14%,86%
202122,AcademicYear,Multi-academy trust,THE SIGMA TRUST,16257,TR00517,7926573,10059545,East of England,137927;137937;137944;138084;145061;146794;146795,7,6,1,0,7,2,0,5,1677,103.3,23%,77%,4%,11%,45.1,97%,-0.27,-0.33,-0.2,40%,3.73,10%,14%,19%,34.2,98%,-0.9,-1.04,-0.76,20%,2.73,3%,4%,7%,48.5,96%,-0.06,-0.14,0.01,46%,4.04,12%,17%,23%,137927;137937;137944;138084;145061;146794;146795,7,6,1,0,1677,23%,77%
202122,AcademicYear,Multi-academy trust,QUAERERE ACADEMIES TRUST,16332,TR01702,6221748,10058213,,135449;141698;146383,3,0,3,0,3,1,0,2,701,102.7,32%,68%,22%,12%,47.9,96%,0.02,-0.09,0.13,47%,4.25,26%,34%,47%,41.6,96%,-0.32,-0.51,-0.13,34%,3.59,15%,24%,34%,50.6,96%,0.17,0.04,0.3,53%,4.54,30%,39%,53%,135449;141698;146383,3,0,3,0,701,32%,68%
202122,AcademicYear,Multi-academy trust,SAPIENTIA EDUCATION TRUST,16336,TR02551,7466353,10058443,East of England,136481;137901;145776;146144,4,4,0,0,4,0,3,1,533,105,13%,87%,5%,15%,55.5,91%,0.34,0.21,0.46,61%,5.16,31%,43%,68%,43.3,94%,-0.11,-0.45,0.23,42%,3.95,16%,23%,59%,57.3,91%,0.41,0.27,0.54,64%,5.34,34%,46%,69%,136481;137901;139572;140534;145776;146144,6,5,1,0,790,15%,85%
202122,AcademicYear,Multi-academy trust,LIGHTHOUSE SCHOOLS PARTNERSHIP,16340,TR00876,7662102,10058855,South West,136722;136856;145482,3,3,0,0,3,0,2,1,754,105.5,11%,89%,2%,13%,54.4,97%,0.19,0.08,0.29,60%,4.95,33%,45%,58%,41,98%,-0.54,-0.85,-0.24,28%,3.55,8%,16%,36%,56,97%,0.27,0.17,0.38,63%,5.12,36%,49%,61%,136722;136856;145482,3,3,0,0,754,11%,89%
202122,AcademicYear,Multi-academy trust,THE PRIORY LEARNING TRUST,16417,TR01687,7698707,10059096,South West,137300;143137;146439,3,1,2,0,3,1,0,2,738,102.5,22%,78%,6%,9%,45,97%,-0.21,-0.32,-0.11,39%,3.75,7%,11%,16%,36.9,96%,-0.72,-0.95,-0.5,24%,3.1,6%,10%,16%,47.3,97%,-0.08,-0.19,0.04,44%,3.93,8%,11%,16%,137300;143137;146439,3,1,2,0,738,22%,78%
202122,AcademicYear,Multi-academy trust,THE LEARNING TRUST,16429,TR00495,7523884,10058507,North West,136645;143817;144742,3,1,1,1,3,0,0,3,350,105.9,17%,83%,4%,11%,54.9,88%,0.26,0.1,0.42,60%,4.9,25%,33%,46%,39.5,91%,-0.57,-0.95,-0.19,33%,3.41,3%,10%,34%,58,87%,0.43,0.26,0.61,65%,5.19,29%,37%,49%,136645;143817;144742,3,1,1,1,350,17%,83%
202122,AcademicYear,Multi-academy trust,SFAET LTD,16518,TR01762,7689980,10058976,London,137396;143877;146309,3,2,1,0,3,0,1,2,404,105.4,28%,72%,11%,15%,48.6,96%,-0.39,-0.53,-0.25,52%,4.58,31%,45%,73%,40.9,97%,-0.76,-1.03,-0.5,39%,3.74,22%,29%,53%,51.6,96%,-0.25,-0.41,-0.08,57%,4.9,35%,51%,80%,137396;143877;146309,3,2,1,0,404,28%,72%
202122,AcademicYear,Multi-academy trust,SOUTH EAST SURREY SCHOOLS EDUCATION TRUST,16540,TR03597,10479401,10064268,South East,143901;143902;143903,3,3,0,0,3,0,0,3,566,105,19%,81%,6%,16%,49.9,95%,-0.19,-0.31,-0.07,51%,4.54,25%,34%,49%,35.7,95%,-0.94,-1.21,-0.66,24%,3.11,8%,13%,26%,53.1,95%,-0.01,-0.15,0.12,57%,4.87,29%,39%,54%,143901;143902;143903,3,3,0,0,566,19%,81%
202122,AcademicYear,Multi-academy trust,EMMANUEL SCHOOLS FOUNDATION,16552,TR03704,4464331,10064192,North East,134223;135007;135619;138567;147178,5,1,3,1,5,2,0,3,858,102.9,35%,65%,6%,16%,44.2,95%,-0.33,-0.43,-0.23,38%,3.8,15%,22%,36%,34.6,93%,-0.89,-1.05,-0.72,21%,2.87,8%,10%,23%,49.3,97%,-0.04,-0.16,0.08,47%,4.3,20%,29%,43%,134223;135007;135619;138567;147178,5,1,3,1,858,35%,65%
202122,AcademicYear,Multi-academy trust,STOUR VALE ACADEMY TRUST,16572,TR00704,7865663,10059465,West Midlands,137812;139872;141712,3,3,0,0,3,0,1,2,636,104,19%,81%,5%,13%,50.1,98%,0.07,-0.04,0.18,50%,4.42,24%,30%,40%,38.8,96%,-0.57,-0.83,-0.32,25%,3.37,10%,16%,29%,52.7,98%,0.21,0.09,0.34,55%,4.67,27%,34%,43%,137701;137812;139872;141712,4,4,0,0,925,26%,74%
202122,AcademicYear,Multi-academy trust,ZENITH MULTI ACADEMY TRUST,16575,TR01255,7559293,10058621,East of England,136577;138865;147031,3,2,1,0,3,1,1,1,711,103.4,23%,77%,3%,13%,47.9,98%,-0.1,-0.21,0,46%,4.19,22%,31%,43%,33.9,98%,-0.86,-1.08,-0.64,18%,2.85,9%,12%,26%,51.5,99%,0.09,-0.03,0.21,54%,4.54,25%,35%,47%,136577;138865;147031,3,2,1,0,711,23%,77%
202122,AcademicYear,Multi-academy trust,THE BAY LEARNING TRUST,16599,TR01795,7588464,10058677,North West,136731;145082;147115,3,2,1,0,3,1,1,1,583,103.4,26%,74%,4%,11%,50.3,99%,0.12,0,0.23,48%,4.26,10%,13%,29%,39.9,99%,-0.49,-0.71,-0.26,26%,3.29,3%,5%,20%,53.8,99%,0.32,0.19,0.45,55%,4.59,12%,16%,32%,136731;145082;147115;147260,4,3,1,0,682,26%,74%
202122,AcademicYear,Multi-academy trust,STOWE VALLEY MULTI ACADEMY TRUST,16616,TR03608,10445759,10064277,West Midlands,143905;145575;147432,3,2,1,0,3,1,0,2,557,103.5,19%,81%,6%,17%,50.5,94%,0.16,0.04,0.28,52%,4.48,23%,31%,38%,36.6,92%,-0.45,-0.73,-0.18,24%,3.05,6%,13%,18%,53.9,94%,0.3,0.17,0.44,59%,4.83,27%,36%,43%,143905;145575;147432,3,2,1,0,557,19%,81%
202122,AcademicYear,Multi-academy trust,WEYDON MULTI ACADEMY TRUST,16644,TR02463,7552535,10058582,South East,136531;137314;144520,3,3,0,0,3,0,0,3,585,106.4,12%,88%,4%,13%,57.7,97%,0.29,0.18,0.41,65%,5.08,26%,30%,36%,39.3,94%,-0.83,-1.17,-0.49,32%,3.3,7%,11%,15%,60.2,97%,0.44,0.32,0.57,70%,5.32,28%,33%,39%,136531;137019;137314;144520,4,4,0,0,747,12%,88%
202122,AcademicYear,Multi-academy trust,MAGNA LEARNING PARTNERSHIP,16649,TR02045,7865850,10059466,South West,136183;137827;144388;144389,4,3,1,0,4,0,1,3,496,101.6,20%,80%,5%,18%,42.9,94%,-0.28,-0.41,-0.15,38%,3.85,7%,11%,17%,31.5,94%,-0.88,-1.17,-0.59,14%,2.69,1%,2%,9%,45.6,93%,-0.13,-0.28,0.01,44%,4.13,8%,14%,19%,136183;137827;144388;144389,4,3,1,0,496,20%,80%
202122,AcademicYear,Multi-academy trust,WAVENEY VALLEY ACADEMIES TRUST,16656,TR01927,7682294,10058936,East of England,137055;141236;145055,3,1,2,0,3,1,1,1,470,103.1,21%,79%,3%,16%,47.1,97%,-0.1,-0.22,0.03,46%,3.89,9%,13%,17%,36.8,97%,-0.49,-0.77,-0.21,23%,3.02,5%,10%,13%,49.7,97%,0.01,-0.14,0.15,53%,4.12,10%,13%,19%,137055;141236;145055,3,1,2,0,470,21%,79%
202122,AcademicYear,Multi-academy trust,MULBERRY SCHOOLS TRUST,16669,TR03507,10035860,10064234,London,137789;143629;144756,3,2,0,1,3,0,1,2,416,104.2,60%,40%,57%,14%,54,95%,0.37,0.24,0.51,57%,4.93,35%,50%,82%,50.8,97%,0.22,0.04,0.39,50%,4.59,29%,42%,75%,58.7,93%,0.61,0.39,0.83,69%,5.42,45%,61%,91%,137789;143629;144756,3,2,0,1,416,60%,40%
202122,AcademicYear,Multi-academy trust,ENRICH LEARNING TRUST,16674,TR02552,7725111,10059209,East of England,137461;144018;144316,3,2,1,0,3,1,0,2,556,103.7,14%,86%,3%,13%,54.4,97%,0.5,0.38,0.62,59%,5.09,36%,49%,79%,43.2,97%,-0.05,-0.37,0.27,35%,3.92,10%,23%,62%,56.2,98%,0.59,0.46,0.72,62%,5.28,40%,53%,81%,137461;144018;144316;147505,4,3,1,0,671,15%,85%
202122,AcademicYear,Multi-academy trust,ROYAL WOOTTON BASSETT ACADEMY TRUST,16676,TR01828,7569743,10058663,South West,136911;137650;144773,3,3,0,0,3,1,0,2,534,102.9,21%,79%,15%,21%,46.4,89%,-0.06,-0.18,0.07,43%,4.14,19%,29%,51%,32.7,89%,-0.76,-1.03,-0.48,19%,2.86,10%,14%,33%,49.9,89%,0.12,-0.02,0.26,49%,4.47,21%,33%,55%,135804;136911;137650;144773,4,3,1,0,685,20%,80%
202122,AcademicYear,Multi-academy trust,THE CHALLENGE ACADEMY TRUST,16682,TR03727,10689247,10064284,North West,139196;141598;144799;145157;146765,5,2,3,0,5,1,0,4,830,104.3,24%,76%,7%,17%,50.2,97%,-0.07,-0.16,0.03,51%,4.43,21%,28%,44%,37.3,98%,-0.62,-0.82,-0.42,25%,3.16,9%,16%,33%,54.1,96%,0.11,0,0.22,60%,4.82,25%,32%,47%,139196;141598;144799;145157;146765,5,2,3,0,830,24%,76%
202122,AcademicYear,Multi-academy trust,SOUTH SUFFOLK LEARNING TRUST,16707,TR00707,7682993,10058940,East of England,136195;136918;137218;144214,4,3,1,0,4,1,0,3,622,103.4,24%,76%,5%,15%,46.3,97%,-0.31,-0.42,-0.2,42%,4.01,14%,20%,26%,33.1,98%,-0.88,-1.11,-0.65,17%,2.76,4%,8%,13%,50,97%,-0.15,-0.28,-0.02,49%,4.36,16%,23%,30%,136195;136918;137218;144214,4,3,1,0,622,24%,76%
202122,AcademicYear,Multi-academy trust,ADVANCE LEARNING PARTNERSHIP,16711,TR01611,7928558,10059549,North East,137903;144991;145564;147122,4,2,2,0,4,1,2,1,508,103.6,36%,64%,1%,15%,49.3,98%,0.03,-0.09,0.16,49%,3.95,16%,20%,25%,41.2,97%,-0.33,-0.54,-0.13,30%,3.17,8%,10%,17%,53.9,98%,0.24,0.08,0.39,59%,4.39,20%,26%,29%,137903;144991;145564;147122;148109;148706,6,4,2,0,750,35%,65%
202122,AcademicYear,Multi-academy trust,ALBAN ACADEMIES TRUST,16752,TR01869,7523557,10058506,East of England,136609;137038;146305,3,2,1,0,3,0,2,1,559,104.7,18%,82%,12%,28%,53.8,94%,0.18,0.06,0.3,57%,4.79,29%,38%,48%,35.8,96%,-0.79,-1.07,-0.51,23%,2.92,5%,10%,19%,57.6,94%,0.38,0.25,0.52,64%,5.18,35%,43%,54%,136609;137038;146305,3,2,1,0,559,18%,82%
202122,AcademicYear,Multi-academy trust,DUDLEY ACADEMIES TRUST,16764,TR03705,10897797,10066093,West Midlands,137390;137705;144657;144952,4,3,1,0,4,0,0,4,623,100.3,41%,59%,19%,13%,43,95%,-0.02,-0.13,0.1,39%,3.55,7%,9%,13%,37.8,98%,-0.25,-0.43,-0.08,27%,3.07,5%,7%,9%,46.7,93%,0.16,0.01,0.31,47%,3.89,8%,11%,17%,137390;137705;144657;144952,4,3,1,0,623,41%,59%
202122,AcademicYear,Multi-academy trust,KING EDWARD VI ACADEMY TRUST BIRMINGHAM,16826,TR03804,10654935,10065300,West Midlands,136152;137043;137044;137045;137046;137047;138937;143562;147440,9,7,2,0,9,1,1,7,1323,110.2,31%,69%,29%,9%,69.5,93%,0.47,0.39,0.55,83%,6.48,54%,59%,62%,58.3,98%,0.2,0.06,0.33,66%,5.27,34%,38%,43%,74,91%,0.59,0.5,0.69,90%,6.98,62%,67%,70%,136152;137043;137044;137045;137046;137047;138937;143562;147440;148684,10,8,2,0,1461,32%,68%
202122,AcademicYear,Multi-academy trust,THOMAS TELFORD MULTI ACADEMY TRUST,16830,TR01870,4798185,10058173,West Midlands,133697;134993;135149,3,0,3,0,3,0,0,3,576,103.2,32%,68%,13%,16%,47.6,98%,-0.1,-0.21,0.02,41%,4.08,18%,28%,48%,40.6,98%,-0.46,-0.67,-0.26,28%,3.38,12%,19%,35%,50.9,98%,0.07,-0.07,0.22,47%,4.41,21%,31%,55%,133697;134993;135149;140160,4,0,3,1,644,35%,65%
202122,AcademicYear,Multi-academy trust,THE BISHOP FRASER TRUST,16888,TR03689,11005401,10067113,North West,144044;144046;145314,3,3,0,0,3,0,3,0,612,105.2,26%,74%,13%,10%,49.6,94%,-0.26,-0.37,-0.14,53%,4.24,17%,25%,33%,39.3,94%,-0.6,-0.82,-0.37,34%,3.23,7%,10%,16%,53.2,94%,-0.14,-0.27,0,60%,4.6,21%,31%,39%,144044;144046;145314,3,3,0,0,612,26%,74%
202122,AcademicYear,Multi-academy trust,DARTMOOR MULTI ACADEMY TRUST,16913,TR03738,11075564,10067101,South West,145336;145337;145343,3,3,0,0,3,0,3,0,555,103.6,26%,74%,2%,13%,47,94%,-0.21,-0.33,-0.09,46%,4.08,15%,22%,41%,35,92%,-0.73,-0.97,-0.49,22%,2.9,4%,6%,25%,51.2,94%,-0.03,-0.17,0.11,55%,4.5,19%,27%,46%,145336;145337;145343,3,3,0,0,555,26%,74%
202122,AcademicYear,Multi-academy trust,THE MERCIAN TRUST,16926,TR01715,7611347,10058703,West Midlands,136620;136773;136777;137974;139789,5,4,0,1,5,0,4,1,849,106.2,22%,78%,17%,9%,56.4,97%,0.09,-0.01,0.19,62%,5.06,34%,39%,49%,42.2,97%,-0.57,-0.77,-0.36,33%,3.58,13%,18%,29%,60.3,97%,0.27,0.16,0.38,70%,5.47,39%,45%,55%,136620;136773;136777;137974;139789,5,4,0,1,849,22%,78%
202122,AcademicYear,Multi-academy trust,LEARNING COMMUNITY TRUST,16959,TR03737,10846393,10067120,West Midlands,142821;144853;145707,3,2,1,0,3,1,2,0,579,102.6,24%,76%,14%,25%,45.8,96%,-0.07,-0.18,0.05,39%,3.96,14%,24%,38%,38.3,97%,-0.28,-0.51,-0.04,21%,3.25,8%,13%,25%,48.2,96%,0,-0.13,0.14,44%,4.2,16%,27%,43%,142821;144853;145707,3,2,1,0,579,24%,76%
202122,AcademicYear,Multi-academy trust,ALPHA TRUST,16995,TR00537,7755713,10059294,East of England,137515;137926;137945,3,3,0,0,3,1,1,1,652,107.2,12%,88%,8%,4%,62.8,95%,0.39,0.28,0.5,71%,5.83,43%,48%,53%,46.9,97%,-0.39,-0.71,-0.07,38%,4.22,18%,22%,30%,64.7,94%,0.49,0.38,0.61,75%,6.03,46%,51%,56%,137515;137926;137945,3,3,0,0,652,12%,88%
202122,AcademicYear,Multi-academy trust,LEADING EDGE ACADEMIES PARTNERSHIP,17055,TR01470,7657923,10058841,South West,136873;140836;144638,3,1,2,0,3,2,0,1,328,103.6,SUPPMAT,SUPPMAT,2%,16%,45.3,96%,-0.46,-0.61,-0.3,42%,3.96,17%,27%,47%,SUPPMAT,SUPPMAT,SUPPMAT,SUPPMAT,SUPPMAT,SUPPMAT,SUPPMAT,SUPPMAT,SUPPMAT,SUPPMAT,SUPPMAT,SUPPMAT,SUPPMAT,SUPPMAT,SUPPMAT,SUPPMAT,SUPPMAT,SUPPMAT,SUPPMAT,SUPPMAT,136873;140836;144638,3,1,2,0,328,SUPPMAT,SUPPMAT
202122,AcademicYear,Multi-academy trust,CENTRAL SHROPSHIRE ACADEMY TRUST,17124,TR03762,11552742,10081740,,146146;146506;146509,3,3,0,0,3,3,0,0,507,104.8,19%,81%,3%,11%,48.3,96%,-0.34,-0.46,-0.21,46%,4.17,14%,19%,25%,37.3,98%,-0.8,-1.08,-0.51,21%,3.13,4%,8%,19%,50.9,96%,-0.23,-0.37,-0.09,51%,4.42,17%,22%,27%,146146;146506;146509,3,3,0,0,507,19%,81%
202122,AcademicYear,Multi-academy trust,CHORUS EDUCATION TRUST,17155,TR01920,8289609,10060171,Yorkshire and the Humber,139167;145562;147533,3,1,2,0,3,2,0,1,485,105,20%,80%,9%,13%,54.4,98%,0.18,0.05,0.31,63%,4.94,35%,42%,51%,35.4,97%,-0.71,-1,-0.43,32%,3.08,12%,16%,24%,58.9,98%,0.39,0.25,0.53,71%,5.38,41%,48%,57%,139167;145562;147533,3,1,2,0,485,20%,80%
202122,AcademicYear,Multi-academy trust,EAST ANGLIAN SCHOOLS TRUST LTD,17335,TR00774,7667407,10058884,East of England,136834;136969;136998,3,3,0,0,3,2,0,1,737,103.4,15%,85%,3%,16%,50.9,96%,0.2,0.1,0.31,52%,4.32,15%,21%,26%,38.8,96%,-0.19,-0.46,0.07,28%,3.24,7%,12%,13%,53.1,96%,0.28,0.16,0.39,57%,4.52,17%,22%,28%,136834;136969;136998,3,3,0,0,737,15%,85%
202122,AcademicYear,Multi-academy trust,ABBEY MULTI ACADEMY TRUST,2046,TR00002,7705552,10059141,Yorkshire and the Humber,137036;137083;144809,3,1,2,0,3,0,0,3,550,103.9,27%,73%,17%,12%,50.1,97%,0.07,-0.05,0.19,50%,4.32,21%,29%,45%,43.1,97%,-0.34,-0.56,-0.11,37%,3.63,11%,19%,32%,52.8,97%,0.22,0.08,0.36,55%,4.58,25%,32%,51%,137036;137083;144809,3,1,2,0,550,27%,73%
202122,AcademicYear,Multi-academy trust,ACADEMIES ENTERPRISE TRUST,2053,TR00008,6625091,10033736,National Sponsor Unit,135651;135652;135653;135957;136147;136208;136753;137138;137188;138435;138439;138585;138728;138920;138985;139047;139048;139118;139276;139334,20,2,18,0,20,0,0,20,3431,102.3,35%,65%,18%,18%,44.5,93%,-0.22,-0.27,-0.17,43%,3.75,13%,18%,28%,37,95%,-0.59,-0.67,-0.51,30%,3.07,8%,12%,25%,48.6,93%,-0.01,-0.07,0.05,49%,4.12,15%,21%,30%,135651;135652;135653;135957;136147;136208;136753;137138;137188;138435;138439;138585;138728;138920;138985;139047;139048;139118;139276;139334,20,2,18,0,3431,35%,65%
202122,AcademicYear,Multi-academy trust,ACADEMY TRANSFORMATION TRUST,2062,TR00015,7846852,10039859,East of England,138918;139043;139058;139062;139063;139288;139578;139867;139937;142594,10,4,6,0,10,0,0,10,1553,101.4,32%,68%,14%,15%,42.8,95%,-0.22,-0.29,-0.15,36%,3.74,15%,23%,44%,36.2,96%,-0.48,-0.6,-0.35,21%,3.05,7%,13%,30%,45.9,94%,-0.1,-0.19,-0.01,43%,4.07,18%,28%,51%,138918;139043;139058;139062;139063;139288;139578;139867;139937;142594,10,4,6,0,1553,32%,68%
202122,AcademicYear,Multi-academy trust,THE ACTIVE LEARNING TRUST LIMITED,2075,TR00024,7903002,10059514,East of England,138177;138373;139272;140881,4,1,3,0,4,0,0,4,724,102,28%,72%,7%,7%,39.7,97%,-0.61,-0.71,-0.5,33%,3.3,5%,8%,15%,32.3,98%,-1.03,-1.23,-0.83,19%,2.69,1%,2%,12%,42.6,97%,-0.44,-0.57,-0.32,38%,3.55,6%,10%,17%,138177;138373;139272;140881,4,1,3,0,724,28%,72%
202122,AcademicYear,Multi-academy trust,ALDRIDGE EDUCATION,2096,TR00628,5670663,10058195,North West,135580;136164;137063;139924;141321;144900;146303,7,1,4,2,7,0,1,6,972,101.7,37%,63%,21%,17%,43.3,93%,-0.22,-0.31,-0.13,38%,3.69,13%,17%,29%,37,93%,-0.51,-0.66,-0.36,26%,3.06,7%,9%,20%,47,93%,-0.05,-0.16,0.07,46%,4.05,16%,22%,34%,135580;136164;137063;139924;141321;144900;146303,7,1,4,2,972,37%,63%
202122,AcademicYear,Multi-academy trust,AMBITIONS ACADEMIES TRUST,2128,TR02316,7977940,10059666,South West,136206;138385;139037;147214;147291,5,2,2,1,5,2,0,3,595,101.5,35%,65%,8%,22%,37.4,95%,-0.68,-0.8,-0.56,24%,3.08,5%,8%,19%,29.5,95%,-1.17,-1.36,-0.97,16%,2.39,3%,4%,11%,41.8,96%,-0.42,-0.56,-0.27,28%,3.45,6%,10%,23%,136206;138385;139037;147214;147291,5,2,2,1,595,35%,65%
202122,AcademicYear,Multi-academy trust,ARK SCHOOLS,2157,TR00081,5112090,10044534,London,131752;135242;135315;135389;135584;135600;135965;135970;137578;138245;138267;138518;138681;139718;139815;139821;140014;141019;141752;146318,20,1,15,4,20,0,3,17,2925,102.3,48%,52%,52%,15%,48.4,90%,0.25,0.19,0.3,51%,4.4,22%,33%,51%,44.4,91%,0.02,-0.06,0.09,43%,3.99,17%,28%,47%,52.3,88%,0.47,0.4,0.55,58%,4.79,27%,38%,55%,131752;135242;135315;135389;135584;135600;135965;135970;137578;138245;138267;138518;138681;139718;139815;139821;140014;141019;141752;146318,20,1,15,4,2925,48%,52%
202122,AcademicYear,Multi-academy trust,THE ARTHUR TERRY LEARNING PARTNERSHIP,2166,TR00089,7730920,10034759,West Midlands,136986;138136;138137;144721;146493,5,4,1,0,5,2,0,3,906,104.1,26%,74%,10%,15%,48.4,95%,-0.18,-0.27,-0.08,47%,4.42,27%,37%,54%,37.6,96%,-0.69,-0.87,-0.5,23%,3.3,10%,17%,34%,52,95%,-0.01,-0.12,0.1,55%,4.79,33%,43%,60%,136986;138136;138137;144721;146493,5,4,1,0,906,26%,74%
202122,AcademicYear,Multi-academy trust,ASPIRATIONS ACADEMIES TRUST,2186,TR00103,7867577,10059468,London,137009;138499;139711;140886;142126;145119;145121;147443,8,1,5,2,8,1,0,7,966,103.1,34%,66%,19%,19%,44.2,93%,-0.36,-0.46,-0.27,40%,3.92,14%,21%,41%,37.5,93%,-0.72,-0.88,-0.56,29%,3.27,10%,17%,34%,47.7,92%,-0.18,-0.29,-0.06,45%,4.26,16%,24%,45%,137009;138499;139711;140886;142126;145119;145121;147443,8,1,5,2,966,34%,66%
202122,AcademicYear,Multi-academy trust,ASTON COMMUNITY EDUCATION TRUST,2195,TR00105,7577113,10058668,Yorkshire and the Humber,136127;136718;143141,3,1,2,0,3,0,0,3,614,102.7,25%,75%,4%,15%,44.7,99%,-0.24,-0.35,-0.13,42%,3.91,16%,27%,44%,34.4,99%,-0.79,-1.01,-0.57,22%,2.88,8%,13%,20%,48.2,99%,-0.05,-0.18,0.08,48%,4.26,19%,32%,53%,136127;136718;143141,3,1,2,0,614,25%,75%
202122,AcademicYear,Multi-academy trust,BECKFOOT TRUST,2270,TR00163,8155088,10059960,Yorkshire and the Humber,139975;142031;143112;143114,4,1,3,0,4,0,0,4,920,102.4,29%,71%,28%,20%,45.6,97%,-0.11,-0.2,-0.02,41%,3.79,8%,9%,11%,34.1,96%,-0.69,-0.86,-0.52,20%,2.78,2%,3%,5%,50.3,98%,0.12,0.01,0.23,49%,4.21,10%,11%,14%,139975;142031;143112;143114,4,1,3,0,920,29%,71%
202122,AcademicYear,Multi-academy trust,ST THOMAS AQUINAS CATHOLIC MULTI ACADEMY TRUST,2354,TR00235,8090890,10059818,East Midlands,138290;138298;146196;146232,4,4,0,0,4,0,3,1,724,104.7,17%,83%,27%,12%,53.2,96%,0.22,0.11,0.32,57%,4.67,23%,28%,37%,43.3,95%,-0.21,-0.46,0.05,38%,3.59,6%,9%,17%,55.2,96%,0.3,0.19,0.42,61%,4.88,27%,32%,41%,138290;138298;146196;146232,4,4,0,0,724,17%,83%
202122,AcademicYear,Multi-academy trust,ARCHWAY LEARNING TRUST,2363,TR00242,7875164,10052837,East Midlands,137798;139765;140369;145146,4,3,1,0,4,0,2,2,683,102,45%,55%,31%,21%,45.8,94%,-0.05,-0.16,0.06,42%,3.72,5%,7%,10%,40.1,95%,-0.31,-0.47,-0.15,30%,3.21,3%,4%,8%,50.5,94%,0.18,0.03,0.33,52%,4.15,7%,10%,12%,136716;137798;139765;140369;143934;145146;148538,7,5,2,0,1248,42%,58%
202122,AcademicYear,Multi-academy trust,BOHUNT EDUCATION TRUST,2368,TR00246,7535642,10058531,South East,136643;136903;138287;140424;141175;142181,6,3,3,0,6,0,1,5,1500,105.4,14%,86%,8%,6%,53.3,94%,0.07,0,0.15,57%,4.79,27%,35%,50%,39.2,95%,-0.59,-0.79,-0.4,28%,3.44,12%,16%,32%,55.6,94%,0.18,0.1,0.26,61%,5.02,30%,39%,52%,136643;136903;138287;140424;141175;142181;148221,7,4,3,0,1872,13%,87%
202122,AcademicYear,Multi-academy trust,BOURNE EDUCATION TRUST,2386,TR00263,7768726,10059305,South East,137595;138765;139948;144741;145125,5,2,2,1,5,0,0,5,631,102.5,26%,74%,14%,24%,45.4,91%,-0.15,-0.27,-0.04,42%,3.86,12%,18%,38%,34.3,95%,-0.76,-0.98,-0.54,22%,2.87,6%,12%,35%,49.3,89%,0.07,-0.06,0.21,49%,4.21,14%,20%,39%,137595;138460;138765;139948;143419;143420;144741;145125,8,3,4,1,1048,24%,76%
202122,AcademicYear,Multi-academy trust,BRADFORD DIOCESAN ACADEMIES TRUST,2408,TR00278,8258994,10060130,Yorkshire and the Humber,138087;140429;142590;142825,4,2,2,0,4,0,0,4,897,101.4,40%,60%,15%,12%,42.4,96%,-0.3,-0.39,-0.2,37%,3.52,15%,22%,32%,33.9,95%,-0.71,-0.86,-0.56,22%,2.75,7%,13%,25%,48,97%,-0.03,-0.15,0.09,47%,4.02,20%,28%,37%,138087;140429;142590;142825,4,2,2,0,897,40%,60%
202122,AcademicYear,Multi-academy trust,BRIDGWATER & TAUNTON COLLEGE TRUST,2434,TR00296,8098956,10059829,South West,136791;138375;139655,3,1,2,0,3,0,0,3,413,101.8,25%,75%,6%,29%,41.4,93%,-0.47,-0.61,-0.33,34%,3.37,3%,5%,8%,32,94%,-0.94,-1.22,-0.66,15%,2.54,1%,2%,4%,44.6,92%,-0.31,-0.48,-0.15,40%,3.65,4%,6%,9%,136791;137080;138375;139655,4,2,2,0,538,23%,77%
202122,AcademicYear,Multi-academy trust,BRIGHT FUTURES EDUCATIONAL TRUST,2437,TR00298,7695771,10046414,North West,137289;138097;140021,3,1,2,0,3,0,0,3,467,105.3,SUPPMAT,SUPPMAT,32%,15%,52.9,75%,-0.28,-0.43,-0.13,49%,5.07,44%,49%,69%,SUPPMAT,SUPPMAT,SUPPMAT,SUPPMAT,SUPPMAT,SUPPMAT,SUPPMAT,SUPPMAT,SUPPMAT,SUPPMAT,SUPPMAT,SUPPMAT,SUPPMAT,SUPPMAT,SUPPMAT,SUPPMAT,SUPPMAT,SUPPMAT,SUPPMAT,SUPPMAT,137289;138097;140021,3,1,2,0,467,SUPPMAT,SUPPMAT
202122,AcademicYear,Multi-academy trust,THE BROOKE WESTON TRUST,2471,TR00327,2400784,10058154,East Midlands,135306;135317;135967;137867;138254,5,0,4,1,5,0,0,5,898,101.6,25%,75%,22%,14%,45.9,95%,0.06,-0.03,0.15,45%,4.05,19%,27%,45%,35.4,96%,-0.55,-0.74,-0.36,25%,2.98,8%,13%,29%,49.3,95%,0.26,0.15,0.37,51%,4.4,23%,32%,50%,135306;135317;135967;137867;138254,5,0,4,1,898,25%,75%
202122,AcademicYear,Multi-academy trust,BMAT EDUCATION,2497,TR00353,7843166,10059426,East of England,137694;141328;145050;145410;145931,5,1,3,1,5,0,3,2,667,103.5,30%,70%,24%,15%,42.2,91%,-0.71,-0.82,-0.6,47%,3.63,7%,10%,22%,38.3,88%,-0.96,-1.16,-0.75,34%,3.3,5%,6%,20%,43.9,93%,-0.61,-0.74,-0.47,52%,3.78,8%,11%,22%,137694;141328;145050;145410;145931;148423,6,1,4,1,778,30%,70%
202122,AcademicYear,Multi-academy trust,CABOT LEARNING FEDERATION,2516,TR00367,6207590,10058211,South West,135295;135300;135959;136708;137106;141042;142079;144509;147351,9,1,7,1,9,1,0,8,1390,102.2,31%,69%,20%,24%,46.8,91%,0.09,0.02,0.17,44%,3.93,12%,17%,29%,38.5,91%,-0.21,-0.35,-0.07,29%,3.19,6%,10%,24%,50.5,92%,0.23,0.13,0.32,51%,4.26,15%,20%,31%,135295;135300;135959;136708;137106;141042;142079;144509;147351,9,1,7,1,1390,31%,69%
202122,AcademicYear,Multi-academy trust,MERIDIAN TRUST,2526,TR00375,7552498,10053421,East of England,136580;136974;137082;137600;139401;139988;143404,7,5,2,0,7,1,0,6,1133,103.4,18%,82%,6%,9%,51.8,96%,0.27,0.19,0.35,51%,4.51,23%,30%,38%,39.8,98%,-0.16,-0.35,0.03,31%,3.23,9%,14%,21%,54.5,96%,0.37,0.28,0.46,56%,4.79,26%,33%,42%,136470;136471;136580;136974;137082;137600;137886;139401;139988;142902;143404,11,8,2,1,1901,16%,84%
202122,AcademicYear,Multi-academy trust,THE CARDINAL HUME ACADEMIES TRUST,2543,TR00389,8148675,10059941,London,139362;139369;143082,3,3,0,0,3,0,0,3,461,104.5,28%,72%,36%,16%,57,89%,0.61,0.47,0.75,61%,5.12,32%,39%,58%,51.2,91%,0.34,0.09,0.59,52%,4.49,18%,26%,50%,59.2,88%,0.72,0.56,0.88,65%,5.37,37%,44%,61%,139362;139369;143082,3,3,0,0,461,28%,72%
202122,AcademicYear,Multi-academy trust,BISHOP HOGARTH CATHOLIC EDUCATION TRUST,2548,TR00392,7808732,10055116,North East,137622;139656;141370,3,1,2,0,3,0,0,3,589,104.4,24%,76%,7%,12%,50.6,98%,-0.01,-0.13,0.1,53%,4.43,22%,32%,44%,38.7,99%,-0.52,-0.75,-0.29,34%,3.29,11%,18%,29%,54.4,98%,0.15,0.02,0.29,59%,4.8,25%,36%,49%,137622;137702;139656;140867;141370,5,3,2,0,1074,26%,74%
202122,AcademicYear,Multi-academy trust,CASTLE PHOENIX TRUST,2565,TR00407,8331385,10060243,West Midlands,139292;145019;146436,3,1,2,0,3,1,0,2,543,102.2,22%,78%,20%,14%,46.2,97%,-0.07,-0.19,0.05,45%,3.83,8%,11%,18%,35.2,98%,-0.6,-0.85,-0.35,27%,2.87,1%,3%,11%,49,97%,0.07,-0.07,0.21,49%,4.07,10%,13%,20%,139292;145019;146436,3,1,2,0,543,22%,78%
202122,AcademicYear,Multi-academy trust,CASTLE SCHOOL EDUCATION TRUST,2567,TR00409,8397975,10060317,South West,139345;139348;141341;142008,4,2,2,0,4,0,0,4,738,104.9,15%,85%,6%,11%,51.9,97%,0.03,-0.08,0.13,54%,4.77,33%,45%,62%,39,99%,-0.52,-0.78,-0.25,30%,3.43,14%,22%,40%,54.3,97%,0.12,0.01,0.24,58%,5.01,36%,49%,65%,139345;139348;141341;142008,4,2,2,0,738,15%,85%
202122,AcademicYear,Multi-academy trust,CENTRAL LEARNING PARTNERSHIP TRUST,2594,TR00427,7827368,10059395,West Midlands,137730;138098;145114,3,1,2,0,3,0,1,2,552,103.3,45%,55%,19%,22%,51,96%,0.25,0.13,0.37,43%,3.76,4%,6%,9%,45.9,96%,0.15,-0.03,0.33,29%,3.25,1%,1%,5%,55.4,96%,0.34,0.18,0.51,54%,4.19,6%,10%,11%,137730;138098;145114,3,1,2,0,552,45%,55%
202122,AcademicYear,Multi-academy trust,ANTHEM SCHOOLS TRUST,2597,TR00429,7468210,10058447,East Midlands,134003;136261;137873;138367;138571,5,1,3,1,5,0,0,5,874,102.4,26%,74%,21%,18%,46,93%,-0.08,-0.18,0.01,42%,4.03,18%,25%,35%,37.8,91%,-0.39,-0.58,-0.19,29%,3.27,12%,17%,26%,48.8,94%,0.02,-0.09,0.13,46%,4.29,20%,27%,39%,134003;136261;137873;138367;138571,5,1,3,1,874,26%,74%
202122,AcademicYear,Multi-academy trust,RIVER LEARNING TRUST,2644,TR00467,7966500,10059630,South East,137936;137970;138817;140875;145139,5,5,0,0,5,0,1,4,956,104.3,19%,81%,12%,17%,55.5,97%,0.46,0.37,0.55,65%,4.9,26%,31%,36%,39.2,98%,-0.31,-0.52,-0.1,36%,3.27,9%,13%,14%,59.4,96%,0.64,0.54,0.74,72%,5.29,31%,35%,41%,137936;137970;138817;138897;140875;145139;148354,7,6,1,0,1286,23%,77%
202122,AcademicYear,Multi-academy trust,CHILTERN LEARNING TRUST,2661,TR00480,7559901,10055370,East of England,136319;136651;137462;144311;144312,5,5,0,0,5,0,1,4,1071,102.3,26%,74%,55%,12%,52.9,95%,0.63,0.54,0.72,57%,4.68,27%,37%,51%,47.9,95%,0.4,0.23,0.57,51%,4.16,19%,30%,46%,54.7,96%,0.72,0.61,0.82,60%,4.87,29%,39%,53%,136319;136651;137462;144311;144312,5,5,0,0,1071,26%,74%
202122,AcademicYear,Multi-academy trust,CITY OF LONDON ACADEMIES TRUST,2705,TR00514,4504128,10058170,London,134222;135587;135835;143659;143756;144962,6,0,4,2,6,0,1,5,1044,104.3,56%,44%,36%,17%,50.5,94%,-0.01,-0.1,0.08,54%,4.71,31%,46%,71%,47.5,95%,-0.14,-0.26,-0.02,48%,4.39,25%,42%,67%,54.2,93%,0.15,0.02,0.29,62%,5.1,39%,52%,77%,134222;135587;135835;143659;143756;144962,6,0,4,2,1044,56%,44%
202122,AcademicYear,Multi-academy trust,COASTAL ACADEMIES TRUST,2731,TR00532,7552665,10058585,South East,136571;136584;136585,3,3,0,0,3,0,0,3,424,104.5,35%,65%,11%,13%,48.1,98%,-0.35,-0.48,-0.21,51%,4.23,19%,22%,26%,35.7,98%,-0.93,-1.15,-0.7,34%,3.08,9%,11%,12%,54.8,98%,-0.04,-0.2,0.13,61%,4.85,24%,28%,33%,136571;136584;136585,3,3,0,0,424,35%,65%
202122,AcademicYear,Multi-academy trust,THE CAM ACADEMY TRUST,2753,TR00550,7491945,10055220,East of England,136463;137248;137527;139408,4,3,0,1,4,0,0,4,764,104,18%,82%,12%,21%,53.7,94%,0.28,0.18,0.38,55%,4.8,28%,35%,46%,37.6,99%,-0.46,-0.69,-0.22,20%,3.14,7%,13%,24%,57.2,93%,0.45,0.34,0.57,62%,5.16,32%,40%,51%,136463;137248;137527;139408,4,3,0,1,764,18%,82%
202122,AcademicYear,Multi-academy trust,COMMUNITY ACADEMIES TRUST,2755,TR00552,7472736,10058454,West Midlands,136459;138936;139536;139766;142285,5,2,3,0,5,0,0,5,778,101.9,35%,65%,9%,21%,39.6,94%,-0.64,-0.74,-0.54,28%,3.39,12%,18%,30%,31,97%,-1.2,-1.37,-1.03,16%,2.6,6%,7%,17%,44.2,92%,-0.32,-0.45,-0.2,34%,3.81,15%,23%,36%,136459;138936;139536;139766;142285,5,2,3,0,778,35%,65%
202122,AcademicYear,Multi-academy trust,THE CO-OPERATIVE ACADEMIES TRUST,2777,TR00567,7747126,10059286,North West,136102;136174;136987;137065;142762;144588;144627;146315;146404;147177,10,3,7,0,10,3,1,6,2216,101.8,42%,58%,33%,16%,43.2,91%,-0.24,-0.3,-0.18,40%,3.61,10%,14%,27%,37.2,90%,-0.57,-0.67,-0.48,29%,3.05,6%,9%,22%,47.7,91%,0,-0.08,0.08,48%,4.02,13%,17%,31%,136102;136174;136987;137065;142762;144588;144627;146315;146404;147177,10,3,7,0,2216,42%,58%
202122,AcademicYear,Multi-academy trust,CREATIVE EDUCATION TRUST,2816,TR00604,7617529,10058707,East Midlands,135665;137100;137541;137781;138858;139068;139819;139961;141331;145952;146539,11,2,9,0,11,2,2,7,2167,101.8,33%,67%,19%,15%,44.7,92%,-0.13,-0.2,-0.07,37%,3.78,11%,15%,25%,36.6,95%,-0.52,-0.63,-0.42,24%,3.01,5%,7%,18%,48.4,90%,0.05,-0.02,0.13,43%,4.12,13%,19%,29%,135665;137100;137541;137781;138858;139068;139819;139961;141331;145952;146539,11,2,9,0,2167,33%,67%
202122,AcademicYear,Multi-academy trust,THE DAVID ROSS EDUCATION TRUST,2854,TR00633,6182612,10058206,East Midlands,135294;136201;136479;137200;138757;138783;139060;141166;141391;141874;144739,11,3,7,1,11,0,0,11,1344,102.4,31%,69%,14%,15%,45.2,94%,-0.14,-0.22,-0.07,41%,4.01,17%,25%,42%,37.5,96%,-0.55,-0.69,-0.41,24%,3.25,8%,13%,30%,48.6,93%,0.04,-0.05,0.14,48%,4.34,21%,30%,47%,135294;136201;136479;137200;138757;138783;139060;141166;141391;141874;144739,11,3,7,1,1344,31%,69%
202122,AcademicYear,Multi-academy trust,THE DEAN TRUST,2864,TR00637,8027943,10055366,North West,138123;138124;140412;141884;144519;146797,6,2,4,0,6,1,0,5,1057,102.8,40%,60%,19%,19%,44.7,94%,-0.33,-0.42,-0.24,39%,3.93,18%,28%,56%,37,95%,-0.77,-0.91,-0.64,24%,3.15,8%,14%,44%,49.8,94%,-0.03,-0.15,0.08,49%,4.45,25%,38%,64%,138123;138124;140412;141884;144519;146797,6,2,4,0,1057,40%,60%
202122,AcademicYear,Multi-academy trust,THE DIOCESE OF WESTMINSTER ACADEMY TRUST,2928,TR00665,7944160,10059577,East of England,137895;137922;137925;137938;137994;137995,6,6,0,0,6,0,0,6,1155,104.7,15%,85%,35%,12%,56.4,93%,0.61,0.53,0.69,61%,5.13,34%,45%,69%,46.4,94%,0.03,-0.18,0.24,39%,4.12,22%,30%,58%,58.3,93%,0.72,0.62,0.81,65%,5.31,36%,48%,71%,137895;137922;137925;137938;137994;137995,6,6,0,0,1155,15%,85%
202122,AcademicYear,Multi-academy trust,DIVERSE ACADEMIES TRUST,2936,TR00669,7664012,10058867,East Midlands,136624;137117;137319;138964;139956;144486,6,3,3,0,6,0,0,6,1021,102.9,26%,74%,5%,15%,44.8,96%,-0.31,-0.4,-0.22,38%,3.81,13%,20%,32%,33.9,97%,-0.85,-1.03,-0.68,18%,2.77,4%,10%,20%,48.5,96%,-0.12,-0.23,-0.02,44%,4.17,16%,24%,36%,136624;137117;137319;138964;139956;144486,6,3,3,0,1021,26%,74%
202122,AcademicYear,Multi-academy trust,DIXONS ACADEMIES TRUST,2939,TR00671,2303464,10058150,Yorkshire and the Humber,130909;135866;137277;138251;141002;146198;146363,7,0,4,3,7,1,1,5,1078,102.7,35%,65%,43%,14%,50.6,94%,0.32,0.23,0.41,55%,4.62,29%,42%,78%,43.2,91%,-0.12,-0.27,0.03,41%,3.91,20%,32%,69%,54.3,95%,0.54,0.43,0.64,63%,4.99,33%,47%,83%,130909;135866;137277;138251;141002;146198;146363;148655,8,0,5,3,1237,37%,63%
202122,AcademicYear,Multi-academy trust,E-ACT,2974,TR00699,6526376,10058234,National Sponsor Unit,135907;135911;135934;135973;136032;136115;137706;137954;138073;138235;138374;146316;146518,13,0,13,0,13,0,2,11,2269,100.9,53%,47%,34%,14%,42.6,90%,-0.13,-0.2,-0.07,43%,3.58,7%,9%,15%,39.9,92%,-0.26,-0.34,-0.18,39%,3.31,5%,7%,13%,45.7,88%,0.01,-0.07,0.1,47%,3.89,8%,11%,16%,135907;135911;135934;135973;136032;136115;137706;137954;138073;138235;138374;146316;146518,13,0,13,0,2269,53%,47%
202122,AcademicYear,Multi-academy trust,EAST MIDLANDS EDUCATION TRUST,2987,TR02426,7530373,10055367,East Midlands,136628;137628;138191;138641;141259;142710,6,6,0,0,6,0,0,6,1141,105.1,15%,85%,2%,5%,55.5,99%,0.33,0.24,0.41,62%,4.85,21%,25%,31%,41.7,99%,-0.36,-0.58,-0.15,34%,3.56,8%,13%,20%,57.9,99%,0.44,0.35,0.53,67%,5.08,23%,27%,33%,136628;137367;137628;138191;138641;141259;142710,7,7,0,0,1257,16%,84%
202122,AcademicYear,Multi-academy trust,EDUCATION AND LEADERSHIP TRUST,3010,TR02745,8913502,10060739,North West,141196;141264;144494,3,1,2,0,3,0,0,3,665,101,55%,45%,65%,14%,50.3,89%,0.54,0.42,0.65,49%,4.61,32%,41%,58%,46.1,91%,0.15,0,0.31,40%,4.13,23%,32%,49%,55.5,87%,1.02,0.85,1.19,59%,5.2,42%,52%,68%,141196;141264;144494,3,1,2,0,665,55%,45%
202122,AcademicYear,Multi-academy trust,EDUCATION FOR THE 21ST CENTURY,3015,TR00727,7559170,10058616,London,135305;136464;136540;144465,4,2,1,1,4,0,2,2,749,104.2,25%,75%,10%,18%,47.1,95%,-0.38,-0.48,-0.27,46%,4.15,21%,32%,48%,36.6,98%,-0.89,-1.1,-0.69,29%,3.06,5%,14%,30%,50.6,94%,-0.19,-0.32,-0.07,51%,4.51,26%,37%,54%,135305;136464;136540;144465,4,2,1,1,749,25%,75%
202122,AcademicYear,Multi-academy trust,EXCALIBUR ACADEMIES TRUST,3065,TR00761,8146633,10059937,South West,138623;141705;142121;142822,4,2,1,1,4,1,0,3,718,103.9,23%,77%,19%,20%,51.4,95%,0.1,0,0.21,52%,4.49,23%,28%,39%,43.3,97%,-0.01,-0.23,0.21,33%,3.66,10%,13%,27%,53.6,95%,0.13,0.01,0.25,58%,4.72,27%,33%,43%,138623;141705;142121;142822,4,2,1,1,718,23%,77%
202122,AcademicYear,Multi-academy trust,FAIRFAX MULTI ACADEMY TRUST,3076,TR00767,7661164,10058852,West Midlands,136908;141318;143413;143895,4,1,3,0,4,0,0,4,699,102.9,45%,55%,14%,15%,42.9,96%,-0.47,-0.58,-0.37,39%,3.73,17%,22%,35%,35.9,95%,-0.78,-0.94,-0.62,25%,2.97,7%,9%,18%,48.6,96%,-0.22,-0.37,-0.08,52%,4.36,26%,33%,49%,136908;141318;143413;143895,4,1,3,0,699,45%,55%
202122,AcademicYear,Multi-academy trust,THE FALLIBROOME TRUST,3080,TR00770,7346144,10058338,North West,136184;136278;138662,3,2,1,0,3,1,0,2,610,103.6,21%,79%,2%,13%,47.3,97%,-0.16,-0.28,-0.05,41%,3.99,12%,19%,30%,31.6,98%,-1.22,-1.46,-0.97,15%,2.59,3%,6%,21%,51.6,97%,0.13,0,0.26,48%,4.37,15%,22%,32%,136184;136278;138662,3,2,1,0,610,21%,79%
202122,AcademicYear,Multi-academy trust,BEYOND SCHOOLS TRUST,3123,TR00810,7401701,10058382,South East,136337;137376;138511,3,2,1,0,3,0,0,3,477,102.8,26%,74%,14%,17%,45.1,96%,-0.28,-0.41,-0.15,40%,3.8,12%,19%,23%,35.1,97%,-0.81,-1.06,-0.56,25%,2.91,5%,9%,10%,48.7,96%,-0.09,-0.24,0.06,46%,4.12,15%,23%,28%,136337;137376;138511,3,2,1,0,477,26%,74%
202122,AcademicYear,Multi-academy trust,FUTURE ACADEMIES,3152,TR00834,6543442,10043978,London,135676;143129;144623;146440,4,0,4,0,4,2,0,2,502,102.7,44%,56%,39%,14%,51,90%,0.33,0.2,0.46,54%,4.75,30%,39%,55%,47.4,94%,0.12,-0.07,0.32,46%,4.38,24%,31%,50%,54.2,87%,0.53,0.35,0.71,62%,5.07,35%,46%,59%,135676;135876;140966;143129;144623;146440;147785,7,0,6,1,958,36%,64%
202122,AcademicYear,Multi-academy trust,FYLDE COAST ACADEMY TRUST,3155,TR00836,8364709,10060294,North West,137342;137973;139675;141132,4,2,2,0,4,0,0,4,622,102.8,44%,56%,4%,17%,40.6,97%,-0.66,-0.77,-0.54,34%,3.42,6%,9%,17%,31.6,97%,-1.29,-1.46,-1.12,18%,2.57,1%,3%,7%,47.7,97%,-0.16,-0.31,-0.01,46%,4.08,11%,13%,25%,137342;137973;139675;141132,4,2,2,0,622,44%,56%
202122,AcademicYear,Multi-academy trust,GLF SCHOOLS,3190,TR00860,7551959,10053217,South East,136534;137735;137736;140653;143808;143846,6,4,2,0,6,0,0,6,1068,104.3,18%,82%,7%,16%,52.3,95%,0.16,0.07,0.25,58%,4.58,22%,27%,32%,35.5,96%,-0.82,-1.02,-0.62,27%,3,5%,8%,16%,56,95%,0.38,0.28,0.47,64%,4.93,26%,31%,36%,136534;137735;137736;140653;143808;143846,6,4,2,0,1068,18%,82%
202122,AcademicYear,Multi-academy trust,THE GORSE ACADEMIES TRUST,3206,TR00878,7465701,10055363,Yorkshire and the Humber,136392;137577;140565;142056;146217,5,2,2,1,5,0,1,4,1153,102.1,31%,69%,15%,11%,53.6,97%,0.72,0.64,0.81,58%,4.62,23%,28%,33%,43.4,97%,0.29,0.14,0.44,38%,3.63,12%,17%,24%,58.2,97%,0.92,0.82,1.02,67%,5.07,29%,33%,38%,136392;137577;140565;142056;146217;148793,6,2,3,1,1310,32%,68%
202122,AcademicYear,Multi-academy trust,THE GOSFORTH FEDERATED ACADEMIES LIMITED,3209,TR00881,7431423,10058404,North East,136352;144279;146752,3,1,2,0,3,1,1,1,790,105.1,30%,70%,18%,11%,54.9,95%,0.28,0.18,0.38,61%,5.08,43%,50%,62%,42.2,93%,-0.36,-0.54,-0.17,36%,3.75,23%,28%,39%,59.9,96%,0.52,0.4,0.64,71%,5.61,51%,59%,70%,136352;144279;146752,3,1,2,0,790,30%,70%
202122,AcademicYear,Multi-academy trust,GREAT ACADEMIES EDUCATION TRUST,3225,TR00893,6237630,10058215,North West,135508;139294;143319,3,2,1,0,3,0,0,3,677,102.4,34%,66%,16%,14%,40.8,96%,-0.58,-0.69,-0.47,35%,3.44,12%,17%,35%,34.2,95%,-0.8,-0.98,-0.61,25%,2.87,9%,11%,28%,44.2,96%,-0.46,-0.6,-0.33,41%,3.74,13%,20%,39%,135508;139294;143319,3,2,1,0,677,34%,66%
202122,AcademicYear,Multi-academy trust,GREENWOOD ACADEMIES TRUST,3252,TR00914,6864339,10058259,East Midlands,135881;136217;136948;137184;137880;139082;139957,7,0,6,1,7,0,0,7,1330,100.6,36%,64%,29%,15%,42.8,92%,-0.08,-0.16,-0.01,37%,3.53,10%,13%,18%,34.6,95%,-0.54,-0.67,-0.41,22%,2.72,4%,5%,9%,47.3,90%,0.18,0.08,0.28,45%,3.99,14%,17%,23%,135881;136217;136948;137184;137880;139082;139957;147456,8,0,7,1,1453,38%,62%
202122,AcademicYear,Multi-academy trust,HABERDASHERS' ASKE'S FEDERATION TRUST,3279,TR00933,2535091,10058159,London,135070;135073;135951,3,0,3,0,3,0,0,3,557,103.1,37%,63%,20%,13%,49.7,94%,0.21,0.09,0.33,49%,4.45,22%,31%,54%,43.1,91%,-0.09,-0.29,0.11,34%,3.81,14%,22%,48%,53.6,95%,0.38,0.23,0.53,58%,4.84,27%,36%,57%,135070;135073;135951,3,0,3,0,557,37%,63%
202122,AcademicYear,Multi-academy trust,HARRIS FEDERATION,3320,TR00968,6228587,10058214,London,131747;131897;132711;134225;135249;135311;135677;135816;135955;137121;137379;137549;138449;138495;139703;140935;140952;140985;143427;143428;144750;145126;145140;147537,24,3,18,3,24,1,0,23,4134,103.5,39%,61%,36%,16%,52.7,93%,0.39,0.35,0.44,54%,4.9,32%,45%,70%,46.8,94%,0.07,0,0.14,42%,4.29,24%,35%,62%,56.5,92%,0.6,0.54,0.66,62%,5.29,38%,51%,75%,131747;131897;132711;134225;135249;135311;135677;135816;135955;137121;137379;137549;138449;138495;139703;140935;140952;140985;143427;143428;144750;145126;145140;147537,24,3,18,3,4134,39%,61%
202122,AcademicYear,Multi-academy trust,UNIVERSITY OF BRIGHTON ACADEMIES TRUST,3339,TR00985,7185046,10032385,South East,136400;136401;142089,3,0,3,0,3,0,0,3,626,102.2,32%,68%,5%,14%,38.2,98%,-0.8,-0.91,-0.69,31%,3.12,8%,9%,12%,27.2,95%,-1.39,-1.59,-1.19,13%,2.16,1%,2%,3%,43.3,99%,-0.54,-0.67,-0.4,40%,3.56,11%,13%,17%,136400;136401;142089,3,0,3,0,626,32%,68%
202122,AcademicYear,Multi-academy trust,THE HEATH FAMILY (NORTH WEST),3372,TR01015,7614421,10058706,North West,136779;141694;142798,3,2,1,0,3,0,0,3,550,102.9,43%,57%,3%,19%,42.2,99%,-0.54,-0.66,-0.43,34%,3.48,8%,12%,20%,34.2,99%,-0.97,-1.15,-0.79,19%,2.74,4%,7%,14%,48.3,99%,-0.22,-0.38,-0.07,45%,4.05,11%,16%,24%,136779;141694;142798,3,2,1,0,550,43%,57%
202122,AcademicYear,Multi-academy trust,THE CONSORTIUM ACADEMY TRUST,3403,TR01041,7665828,10058879,Yorkshire and the Humber,136921;137306;139629;144561;145722;146129,6,5,1,0,6,2,1,3,1135,103.7,24%,76%,3%,14%,45.3,98%,-0.41,-0.5,-0.33,43%,4,19%,27%,43%,35.1,98%,-1.06,-1.23,-0.89,24%,3.01,6%,12%,29%,48.3,98%,-0.22,-0.32,-0.13,49%,4.29,22%,31%,47%,136921;137306;139629;144561;145722;146129,6,5,1,0,1135,24%,76%
202122,AcademicYear,Multi-academy trust,THE HOWARD PARTNERSHIP TRUST,3493,TR01121,7597068,10058685,South East,136832;136833;142315;144503,4,4,0,0,4,0,0,4,835,104.9,16%,84%,7%,14%,49.7,93%,-0.2,-0.3,-0.1,48%,4.35,19%,27%,36%,33.9,93%,-1.05,-1.29,-0.8,20%,2.77,4%,8%,14%,52.6,93%,-0.04,-0.15,0.07,54%,4.65,22%,31%,40%,136832;136833;142315;144503,4,4,0,0,835,16%,84%
202122,AcademicYear,Multi-academy trust,THE EDUCATION ALLIANCE,3511,TR01133,7542211,10058551,Yorkshire and the Humber,136667;140866;142150;143854,4,3,1,0,4,1,0,3,986,104.2,16%,84%,4%,15%,49.8,98%,-0.03,-0.11,0.06,52%,4.39,20%,24%,29%,38.8,94%,-0.58,-0.8,-0.35,31%,3.33,11%,14%,17%,51.9,98%,0.08,-0.02,0.17,56%,4.59,22%,25%,31%,136667;140866;142150;143854,4,3,1,0,986,16%,84%
202122,AcademicYear,Multi-academy trust,WADE DEACON TRUST,3528,TR01148,8278808,10060154,North West,139368;139614;141693;144617,4,2,2,0,4,0,1,3,792,102.9,38%,62%,4%,11%,47,98%,-0.06,-0.16,0.04,46%,3.89,9%,12%,16%,39.5,97%,-0.39,-0.55,-0.23,28%,3.19,3%,5%,11%,51.6,99%,0.14,0.02,0.27,57%,4.32,12%,15%,19%,139368;139614;141693;144617,4,2,2,0,792,38%,62%
202122,AcademicYear,Multi-academy trust,INSPIRATION TRUST,3531,TR01149,8179349,10060032,East of England,136204;137134;137431;140188;140815;142059;142883,7,1,4,2,7,0,0,7,941,101.2,33%,67%,18%,11%,48.3,95%,0.37,0.28,0.46,50%,4.42,26%,34%,49%,39.3,94%,-0.19,-0.35,-0.03,31%,3.46,11%,18%,34%,52.8,95%,0.64,0.53,0.76,60%,4.89,33%,43%,57%,136204;137134;137431;137949;140188;140815;142059;142883;148826,9,2,5,2,1180,31%,69%
202122,AcademicYear,Multi-academy trust,WESTCOUNTRY SCHOOLS TRUST,3547,TR01159,7398467,10057945,South West,136336;136557;136558;136568;143649,5,5,0,0,5,0,0,5,1185,104.4,18%,82%,3%,16%,48.9,98%,-0.15,-0.23,-0.07,51%,4.3,18%,27%,35%,37.4,98%,-0.69,-0.88,-0.5,29%,3.19,6%,12%,19%,51.4,98%,-0.03,-0.12,0.06,55%,4.54,21%,30%,38%,136336;136557;136558;136568;136569;140104;142124;143649,8,7,0,1,1497,20%,80%
202122,AcademicYear,Multi-academy trust,THE KEMNAL ACADEMIES TRUST,3586,TR01192,7348231,10058343,London,136156;136281;136304;136342;136456;136555;136720;137072;137096;138437;138620;138686;140105;140605,14,10,4,0,14,0,0,14,2137,101.7,28%,72%,10%,21%,39.9,95%,-0.55,-0.61,-0.49,30%,3.35,8%,13%,26%,31.2,97%,-1.07,-1.18,-0.96,16%,2.56,3%,5%,16%,43.4,94%,-0.34,-0.41,-0.27,36%,3.66,9%,16%,30%,136156;136281;136304;136342;136456;136555;136720;137072;137096;138437;138620;138686;140105;140605,14,10,4,0,2137,28%,72%
202122,AcademicYear,Multi-academy trust,KENT CATHOLIC SCHOOLS' PARTNERSHIP,3594,TR01197,8176019,10060024,South East,140537;140640;140874;141217;141628,5,4,1,0,5,0,0,5,792,102.2,21%,79%,11%,20%,45.3,95%,-0.1,-0.2,0,39%,3.85,11%,18%,25%,34.9,95%,-0.69,-0.91,-0.47,16%,2.88,3%,7%,14%,48.1,94%,0.06,-0.06,0.17,45%,4.11,14%,20%,28%,140537;140640;140874;141217;141628,5,4,1,0,792,21%,79%
202122,AcademicYear,Multi-academy trust,EDUCATION SOUTH WEST,3643,TR01237,7451553,10058417,South West,136200;136367;136494;137176,4,3,1,0,4,0,0,4,592,104.2,18%,82%,2%,17%,48.3,95%,-0.18,-0.29,-0.06,48%,4.25,17%,26%,35%,37.3,95%,-0.89,-1.17,-0.61,24%,3.16,5%,10%,13%,50.7,95%,-0.02,-0.15,0.1,54%,4.49,20%,29%,40%,136200;136367;136494;137176;141749,5,3,1,1,602,18%,82%
202122,AcademicYear,Multi-academy trust,L.E.A.D. ACADEMY TRUST,3670,TR01262,8296921,10060187,East Midlands,143853;143963;144066,3,1,2,0,3,0,0,3,522,102.2,39%,61%,6%,20%,39.8,97%,-0.65,-0.77,-0.53,33%,3.36,10%,14%,21%,32.8,98%,-0.99,-1.19,-0.79,18%,2.7,5%,7%,12%,44.2,97%,-0.43,-0.59,-0.28,42%,3.78,13%,18%,26%,143853;143963;144066,3,1,2,0,522,39%,61%
202122,AcademicYear,Multi-academy trust,LANDAU FORTE CHARITABLE TRUST,3684,TR01273,2387916,10058153,West Midlands,135120;136136;137146,3,0,3,0,3,0,0,3,463,103.6,29%,71%,10%,14%,47.9,97%,-0.11,-0.24,0.02,43%,4.23,20%,29%,41%,41.3,97%,-0.57,-0.82,-0.33,30%,3.67,13%,23%,42%,50.6,97%,0.08,-0.07,0.24,49%,4.46,23%,31%,41%,135120;136136;137146,3,0,3,0,463,29%,71%
202122,AcademicYear,Multi-academy trust,LEIGH ACADEMIES TRUST,3725,TR01302,2336587,10058151,South East,135297;135630;135964;136205;136662;136847;137119;140987;141309;145315,10,3,6,1,10,2,1,7,2075,102.8,22%,78%,14%,13%,45.3,95%,-0.15,-0.21,-0.09,42%,3.84,14%,19%,26%,36.4,95%,-0.74,-0.87,-0.61,23%,3.02,7%,10%,18%,47.9,95%,0.03,-0.04,0.1,47%,4.08,16%,21%,28%,135297;135630;135964;136205;136349;136662;136847;137119;137581;138236;140987;141309;145315,13,4,8,1,2331,23%,77%
202122,AcademicYear,Multi-academy trust,LIONHEART EDUCATIONAL TRUST,3760,TR00158,8473899,10055191,East Midlands,137799;137828;139624;140787;145558;146108,6,5,1,0,6,2,2,2,1208,104.2,18%,82%,24%,10%,52.3,95%,0.18,0.1,0.26,57%,4.97,37%,50%,73%,42,97%,-0.39,-0.58,-0.2,39%,3.96,22%,30%,57%,54.4,94%,0.3,0.21,0.39,61%,5.18,40%,54%,76%,137799;137828;139624;140787;145558;146108,6,5,1,0,1208,18%,82%
202122,AcademicYear,Multi-academy trust,LOXFORD SCHOOL TRUST LIMITED,3797,TR01354,8743560,10060647,London,136663;139179;140475;141178;144095;147185,6,3,3,0,6,1,1,4,918,103.4,32%,68%,41%,23%,51,92%,0.19,0.09,0.28,56%,4.67,28%,40%,84%,45.7,96%,-0.06,-0.22,0.11,44%,4.12,21%,31%,75%,53.4,91%,0.3,0.19,0.42,61%,4.92,31%,44%,87%,136663;139179;140475;141178;144095;147185,6,3,3,0,918,32%,68%
202122,AcademicYear,Multi-academy trust,MALTBY LEARNING TRUST,3834,TR01382,7033915,10058279,Yorkshire and the Humber,136042;144364;145848,3,1,2,0,3,1,0,2,642,103.5,28%,72%,2%,14%,48.7,99%,0,-0.11,0.1,45%,3.97,9%,10%,12%,37.3,99%,-0.54,-0.75,-0.34,24%,2.95,2%,2%,5%,53.4,99%,0.22,0.09,0.35,54%,4.38,12%,13%,15%,136042;144364;145848,3,1,2,0,642,28%,72%
202122,AcademicYear,Multi-academy trust,MARCHES ACADEMY TRUST,3855,TR01398,7680422,10058925,West Midlands,136979;141176;146580;147540,4,3,1,0,4,2,0,2,598,102.7,23%,77%,7%,11%,44.3,95%,-0.38,-0.5,-0.27,40%,4.06,17%,26%,48%,33,99%,-0.81,-1.05,-0.57,19%,2.94,6%,11%,30%,47.5,94%,-0.25,-0.38,-0.12,46%,4.39,20%,30%,53%,136979;141176;146580;147540,4,3,1,0,598,23%,77%
202122,AcademicYear,Multi-academy trust,MATRIX ACADEMY TRUST,3878,TR00136,7654219,10053216,West Midlands,136885;137274;137771;143438,4,3,1,0,4,0,0,4,699,102.4,34%,66%,12%,14%,51.2,96%,0.4,0.29,0.5,57%,4.39,18%,25%,36%,43.5,96%,0.11,-0.07,0.3,38%,3.63,12%,17%,30%,55.1,96%,0.54,0.41,0.67,67%,4.78,22%,29%,39%,136885;137274;137771;143438;148521,5,3,2,0,812,36%,64%
202122,AcademicYear,Multi-academy trust,THE MIDLAND ACADEMIES TRUST,3908,TR01434,7191874,10058296,West Midlands,136158;137079;138327;138644,4,2,2,0,4,0,0,4,606,101.4,32%,68%,7%,17%,39.8,97%,-0.53,-0.64,-0.42,35%,3.34,5%,8%,16%,30.8,98%,-0.96,-1.16,-0.76,18%,2.54,2%,3%,11%,44.1,96%,-0.32,-0.46,-0.18,43%,3.73,7%,11%,19%,136158;137079;138327;138644,4,2,2,0,606,32%,68%
202122,AcademicYear,Multi-academy trust,MIDSOMER NORTON SCHOOLS PARTNERSHIP,3910,TR01435,7365778,10031575,South West,136311;136335;137202;137548;142125;146972,6,5,0,1,6,3,0,3,803,104,20%,80%,3%,17%,52.2,96%,0.23,0.13,0.33,55%,4.52,19%,30%,46%,40.8,96%,-0.26,-0.48,-0.04,33%,3.32,4%,10%,28%,55.2,96%,0.36,0.25,0.48,61%,4.84,24%,36%,51%,136311;136335;136966;137202;137548;142125;146972;147801;148830,9,8,0,1,1217,20%,80%
202122,AcademicYear,Multi-academy trust,MINERVA LEARNING TRUST,3921,TR02980,9200332,10060869,Yorkshire and the Humber,141495;145191;145274;145455,4,3,1,0,4,0,3,1,919,104.2,25%,75%,12%,13%,49.8,97%,-0.02,-0.11,0.08,51%,4.48,27%,37%,49%,38,96%,-0.44,-0.63,-0.25,26%,3.22,11%,17%,32%,53.9,98%,0.13,0.02,0.23,60%,4.91,32%,44%,55%,141495;145191;145274;145455,4,3,1,0,919,25%,75%
202122,AcademicYear,Multi-academy trust,SOUTH PENNINE ACADEMIES,3933,TR01454,7599308,10058690,Yorkshire and the Humber,137500;143115;144508,3,1,2,0,3,1,0,2,570,99.7,44%,56%,42%,18%,38.5,91%,-0.35,-0.47,-0.23,29%,3.18,5%,8%,12%,33.7,92%,-0.64,-0.82,-0.45,21%,2.74,3%,6%,10%,42.3,91%,-0.12,-0.28,0.04,35%,3.52,7%,9%,14%,137500;143115;144508,3,1,2,0,570,44%,56%
202122,AcademicYear,Multi-academy trust,NICHOLAS POSTGATE CATHOLIC ACADEMY TRUST,4002,TR02982,9203984,10060872,North East,140751;142273;142281;142382,4,4,0,0,4,0,3,1,579,105.2,38%,62%,7%,16%,46.2,96%,-0.6,-0.72,-0.48,47%,3.84,13%,18%,25%,36.6,95%,-1.05,-1.25,-0.86,29%,2.95,6%,10%,18%,51.8,97%,-0.34,-0.49,-0.19,58%,4.37,16%,22%,30%,140751;142273;142281;142382,4,4,0,0,579,38%,62%
202122,AcademicYear,Multi-academy trust,SUMMIT LEARNING TRUST,4004,TR01509,7348167,10058342,West Midlands,136406;142075;142388,3,1,2,0,3,0,0,3,687,101.5,49%,51%,31%,13%,45.6,92%,0.04,-0.07,0.15,45%,3.99,23%,30%,44%,40.6,92%,-0.2,-0.36,-0.05,34%,3.49,15%,21%,35%,50.4,93%,0.27,0.12,0.43,56%,4.47,31%,39%,52%,136406;142075;142388,3,1,2,0,687,49%,51%
202122,AcademicYear,Multi-academy trust,NORTHERN EDUCATION TRUST,4036,TR01527,7189647,10058295,North East,135878;136135;136146;139405;139673;140002;140979;141185;141686;147541,10,0,10,0,10,1,0,9,1718,102.9,44%,56%,5%,12%,48.5,98%,0.09,0.02,0.15,54%,4.33,23%,29%,39%,40.9,98%,-0.33,-0.43,-0.23,39%,3.61,14%,19%,29%,54.5,98%,0.42,0.33,0.51,66%,4.91,30%,38%,47%,135878;136135;136146;139405;139673;140002;140979;141185;141686;147541;148135,11,0,11,0,1967,45%,55%
202122,AcademicYear,Multi-academy trust,NORTHERN SCHOOLS TRUST,4041,TR01530,5067702,10058179,North West,131065;139588;139589,3,0,1,2,3,0,0,3,383,101.9,57%,43%,28%,17%,45.8,84%,-0.03,-0.19,0.12,34%,3.53,5%,7%,14%,41.6,87%,-0.19,-0.39,0.01,24%,3.17,4%,6%,12%,51.4,79%,0.2,-0.04,0.44,47%,4,5%,10%,17%,131065;139588;139589,3,0,1,2,383,57%,43%
202122,AcademicYear,Multi-academy trust,OASIS COMMUNITY LEARNING,4076,TR01553,5398529,10058190,National Sponsor Unit,134311;135176;135209;135628;135629;135654;135661;135663;135671;135721;135958;135968;136027;139659;139995;140209;141082;141652;145723;146284,20,0,17,3,20,0,2,18,3085,101.5,44%,56%,26%,19%,42.1,92%,-0.3,-0.35,-0.25,34%,3.74,14%,22%,44%,36.9,92%,-0.57,-0.65,-0.49,26%,3.27,10%,16%,40%,46.3,91%,-0.08,-0.15,-0.01,41%,4.11,17%,26%,47%,134311;135176;135209;135628;135629;135654;135661;135663;135671;135721;135958;135968;136027;139659;139995;140209;141082;141652;145723;146284,20,0,17,3,3085,44%,56%
202122,AcademicYear,Multi-academy trust,THE OLYMPUS ACADEMY TRUST,4095,TR01568,7844791,10059430,South West,137753;139067;145124;145502,4,2,2,0,4,0,1,3,716,104.2,18%,82%,14%,14%,48.8,94%,-0.13,-0.24,-0.03,52%,4.11,13%,15%,20%,36.8,98%,-0.72,-0.97,-0.48,32%,3.01,4%,7%,10%,51.5,94%,0,-0.11,0.12,57%,4.36,15%,17%,22%,137753;139067;139669;145124;145502,5,2,2,1,750,19%,81%
202122,AcademicYear,Multi-academy trust,ORMISTON ACADEMIES TRUST,4106,TR01577,6982127,10058272,National Sponsor Unit,135234;135769;135960;135979;135980;136145;136185;136186;136187;136680;137109;137152;137196;137673;137674;138506;139403;139918;140032;140199;140364;140845;140864;141169;141269;142186;145008;145134;145501;146063,30,4,26,0,30,0,2,28,5014,102.4,36%,64%,12%,17%,45.1,96%,-0.15,-0.19,-0.11,40%,3.76,12%,17%,27%,37.8,97%,-0.51,-0.58,-0.45,25%,3.05,6%,9%,19%,49.4,96%,0.06,0.01,0.11,48%,4.16,15%,22%,32%,135234;135769;135960;135979;135980;136145;136185;136186;136187;136680;137109;137152;137196;137673;137674;138506;139403;139918;140032;140199;140364;140845;140864;141169;141269;142186;145008;145134;145501;146063;147683;147796,32,5,26,1,5229,37%,63%
202122,AcademicYear,Multi-academy trust,OUTWOOD GRANGE ACADEMIES TRUST,4119,TR01585,6995649,10058273,North East,135961;135963;136394;137004;137412;138247;138248;138711;139210;139211;139277;139823;140415;141377;141399;143146;143938;144976;145188;145937;145938;147544,22,5,17,0,22,1,5,16,4025,102,35%,65%,10%,18%,44.9,97%,-0.14,-0.19,-0.1,47%,3.96,15%,20%,27%,35.2,96%,-0.63,-0.7,-0.55,29%,3.04,6%,10%,17%,50.1,97%,0.11,0.06,0.17,56%,4.44,19%,25%,32%,135961;135963;136394;137004;137412;138247;138248;138711;139210;139211;139277;139823;140415;141377;141399;143146;143938;144976;145188;145937;145938;147544;148337,23,5,18,0,4172,35%,65%
202122,AcademicYear,Multi-academy trust,CORE EDUCATION TRUST,4145,TR01605,7949154,10059585,West Midlands,138059;141003;145580,3,1,1,1,3,0,2,1,424,102.5,58%,42%,27%,8%,44.5,94%,-0.14,-0.28,0,43%,3.84,12%,18%,40%,42.1,95%,-0.11,-0.29,0.07,39%,3.74,14%,22%,53%,48.2,92%,-0.19,-0.4,0.03,50%,4,9%,12%,19%,138059;141003;145580;148187,4,1,1,2,619,63%,37%
202122,AcademicYear,Multi-academy trust,THE PRIORY FEDERATION OF ACADEMIES,4253,TR01688,6462935,10058228,East Midlands,135563;135564;135565;136194;138819;145052,6,1,5,0,6,0,1,5,910,102.2,22%,78%,9%,15%,46.3,99%,-0.02,-0.11,0.07,39%,4.05,20%,29%,42%,36,99%,-0.52,-0.72,-0.33,25%,3,7%,12%,21%,49.3,99%,0.13,0.02,0.23,44%,4.36,24%,34%,48%,135563;135564;135565;136194;138819;145052,6,1,5,0,910,22%,78%
202122,AcademicYear,Multi-academy trust,REDHILL ACADEMY TRUST,4338,TR01767,7430317,10058403,East Midlands,136361;136548;137085;137112;138836;140992;141363;144182;144487,9,3,6,0,9,1,2,6,1427,103.7,29%,71%,5%,9%,46.8,98%,-0.24,-0.31,-0.17,42%,4.24,21%,30%,50%,35.8,97%,-0.84,-0.97,-0.7,20%,3.16,7%,12%,36%,51.3,98%,0,-0.08,0.09,52%,4.69,26%,37%,56%,136361;136548;137085;137112;138836;140992;141363;144182;144487;146099,10,3,7,0,1687,29%,71%
202122,AcademicYear,Multi-academy trust,THE RODILLIAN MULTI ACADEMY TRUST,4386,TR01807,7990619,10059698,Yorkshire and the Humber,138111;138336;138593;143138,4,1,3,0,4,0,0,4,629,102.7,22%,78%,3%,13%,47.9,98%,0.06,-0.05,0.17,54%,4.54,26%,37%,68%,34.9,98%,-0.6,-0.84,-0.37,25%,3.21,7%,13%,45%,51.6,98%,0.24,0.11,0.37,62%,4.91,31%,43%,74%,138111;138336;138593;143138,4,1,3,0,629,22%,78%
202122,AcademicYear,Multi-academy trust,THE ROSEDALE HEWENS ACADEMY TRUST,4397,TR01817,7683702,10058942,London,137077;137078;138368;141035,4,2,0,2,4,0,0,4,261,102.3,37%,63%,69%,7%,49,88%,0.35,0.17,0.53,51%,4.17,18%,24%,33%,40.8,90%,-0.16,-0.46,0.13,37%,3.37,10%,12%,23%,53.8,87%,0.66,0.43,0.89,59%,4.64,23%,31%,39%,137077;137078;138368;141035,4,2,0,2,261,37%,63%
202122,AcademicYear,Multi-academy trust,RUSSELL EDUCATION TRUST,4421,TR02562,7452885,10058425,London,136822;138239;139409;139410;141963,5,0,0,5,5,0,0,5,675,105.3,18%,82%,10%,16%,55.7,95%,0.32,0.21,0.43,65%,5.01,32%,39%,48%,41.6,95%,-0.33,-0.59,-0.08,38%,3.52,8%,16%,24%,58.8,95%,0.46,0.34,0.58,70%,5.34,38%,43%,53%,136822;138239;139409;139410;141963,5,0,0,5,675,18%,82%
202122,AcademicYear,Multi-academy trust,SAFFRON ACADEMY TRUST,4437,TR01848,7618351,10058708,East of England,136729;136776;139402,3,2,1,0,3,1,0,2,603,105.5,14%,86%,2%,17%,52.9,96%,-0.12,-0.23,0,57%,4.69,27%,34%,41%,38.6,100%,-0.9,-1.21,-0.6,28%,3.27,6%,15%,22%,55.1,95%,0.01,-0.11,0.14,62%,4.9,30%,37%,44%,136729;136776;137975;139402,4,3,1,0,830,12%,88%
202122,AcademicYear,Multi-academy trust,ST RALPH SHERWIN CATHOLIC MULTI ACADEMY TRUST,4442,TR01853,7937154,10059560,East Midlands,137908;138622;142042;146128;146235,5,4,1,0,5,0,4,1,698,103.2,21%,79%,14%,16%,48.9,97%,0.02,-0.09,0.13,47%,4.11,14%,18%,26%,38.5,98%,-0.53,-0.76,-0.29,27%,3.2,6%,9%,20%,51.6,97%,0.16,0.04,0.28,52%,4.35,16%,20%,27%,137908;138622;142042;146128;146235,5,4,1,0,698,21%,79%
202122,AcademicYear,Multi-academy trust,SOUTH EAST CORNWALL MULTI ACADEMY REGIONAL TRUST,4449,TR01858,7542166,10058550,South West,136575;137839;144291,3,3,0,0,3,0,0,3,477,102.4,24%,76%,1%,14%,43.6,99%,-0.33,-0.46,-0.2,33%,3.71,10%,16%,32%,35,98%,-0.69,-0.95,-0.44,18%,2.93,4%,8%,22%,46.3,99%,-0.21,-0.36,-0.07,38%,3.96,12%,19%,35%,136575;137839;144291,3,3,0,0,477,24%,76%
202122,AcademicYear,Multi-academy trust,UNITY SCHOOLS PARTNERSHIP,4454,TR01862,7400386,10058379,East of England,136322;137321;138162;140669;140969;141639;145944,7,3,4,0,7,1,1,5,1147,103.3,20%,80%,8%,12%,47.9,97%,-0.04,-0.12,0.04,49%,4.2,19%,26%,41%,37.1,96%,-0.5,-0.68,-0.32,31%,3.18,11%,14%,24%,50.7,97%,0.07,-0.02,0.17,54%,4.46,21%,29%,45%,136322;136990;137321;138162;140669;140969;141639;145944,8,4,4,0,1353,19%,81%
202122,AcademicYear,Multi-academy trust,DELTA ACADEMIES TRUST,4474,TR01879,7386086,10055739,Yorkshire and the Humber,135942;136343;136675;137066;137141;137453;137464;137472;138006;138082;139059;139076;140949;145929;146320;146639,16,7,8,1,16,2,1,13,2375,102.2,32%,68%,6%,8%,49.6,98%,0.32,0.26,0.38,56%,4.28,18%,21%,26%,39.9,98%,-0.21,-0.31,-0.11,36%,3.33,8%,11%,14%,54.1,97%,0.56,0.49,0.63,65%,4.71,22%,26%,31%,135942;136343;136675;137066;137141;137453;137464;137472;138006;138082;139059;139076;140949;145929;146320;146639,16,7,8,1,2375,32%,68%
202122,AcademicYear,Multi-academy trust,SECKFORD EDUCATION TRUST,4482,TR01884,8077362,10059801,East of England,138273;138274;140047,3,0,0,3,3,0,0,3,165,100.5,36%,64%,3%,31%,39.3,98%,-0.42,-0.64,-0.2,28%,3.52,12%,15%,30%,31.8,98%,-0.66,-1.02,-0.3,12%,2.68,3%,3%,15%,43.5,97%,-0.28,-0.55,-0.01,38%,3.99,16%,22%,39%,138273;138274;140047,3,0,0,3,165,36%,64%
202122,AcademicYear,Multi-academy trust,THE SHAW EDUCATION TRUST,4499,TR02713,9067175,10060817,West Midlands,140154;142015;143435;143848;146087;146529;146635,7,4,3,0,7,2,1,4,1079,103.1,33%,67%,13%,11%,43.7,91%,-0.38,-0.47,-0.29,40%,3.66,7%,8%,12%,36.2,90%,-0.71,-0.87,-0.56,25%,2.99,6%,8%,11%,47.5,91%,-0.21,-0.32,-0.1,48%,4,7%,9%,12%,140154;142015;143435;143848;146087;146529;146635;148002;148097,9,6,3,0,1437,29%,71%
202122,AcademicYear,Multi-academy trust,NORTH EAST LEARNING TRUST,4516,TR01914,7492165,10052835,North East,136451;138075;144496;144601;144977;147531,6,3,3,0,6,1,2,3,950,104.2,28%,72%,1%,13%,52.1,99%,0.17,0.08,0.26,53%,4.54,26%,34%,44%,43.6,99%,-0.23,-0.4,-0.06,36%,3.68,14%,20%,27%,55.3,99%,0.33,0.22,0.43,60%,4.87,30%,39%,51%,136451;138075;144496;144601;144977;147531;148728,7,3,4,0,1115,29%,71%
202122,AcademicYear,Multi-academy trust,SCHOLARS' EDUCATION TRUST,4533,TR01926,7697132,10059062,East of England,137270;138181;138582;143131,4,2,2,0,4,1,0,3,560,104.8,17%,83%,12%,17%,55.3,98%,0.38,0.26,0.5,60%,4.85,26%,31%,40%,38.1,97%,-0.19,-0.48,0.09,28%,3.09,4%,8%,19%,58.9,98%,0.5,0.37,0.63,67%,5.22,30%,36%,45%,137270;138181;138582;143131,4,2,2,0,560,17%,83%
202122,AcademicYear,Multi-academy trust,OUR LADY OF LOURDES CATHOLIC MULTI-ACADEMY TRUST,4581,TR01962,7743523,10059277,East Midlands,137409;138341;138810;140698,4,4,0,0,4,0,3,1,681,105.3,18%,82%,22%,7%,55.2,97%,0.27,0.16,0.37,62%,4.93,29%,38%,51%,46.8,96%,-0.17,-0.43,0.09,48%,4.04,15%,24%,34%,57,97%,0.36,0.24,0.48,65%,5.13,32%,41%,54%,137409;138341;138810;140698,4,4,0,0,681,18%,82%
202122,AcademicYear,Multi-academy trust,TYNE COAST ACADEMY TRUST,4586,TR01966,8313162,10060208,North East,145528;145900;147532,3,2,0,1,3,1,2,0,433,104.4,45%,55%,10%,13%,40.5,92%,-1,-1.14,-0.86,27%,3.46,10%,15%,47%,35,87%,-1.44,-1.65,-1.23,19%,2.94,7%,10%,41%,45.6,97%,-0.64,-0.82,-0.46,35%,3.93,14%,20%,51%,145528;145900;147532,3,2,0,1,433,45%,55%
202122,AcademicYear,Multi-academy trust,THE SPENCER ACADEMIES TRUST,4609,TR01987,7353824,10058352,East Midlands,136291;137606;138482;138628;145327;145500;146562;146564,8,6,2,0,8,3,2,3,1891,104.3,19%,81%,10%,10%,51.5,97%,0.1,0.04,0.17,55%,4.53,21%,25%,31%,40.3,98%,-0.39,-0.54,-0.25,34%,3.46,11%,15%,21%,54.2,97%,0.23,0.15,0.3,60%,4.79,23%,28%,34%,136291;137606;138482;138628;145327;145500;146562;146564,8,6,2,0,1891,19%,81%
202122,AcademicYear,Multi-academy trust,SWALE ACADEMIES TRUST,4885,TR02230,7344732,10058331,South East,136106;136286;137687;139075;144354;144661,6,3,3,0,6,1,1,4,1206,101.5,30%,70%,4%,13%,41.7,96%,-0.33,-0.41,-0.25,38%,3.49,9%,13%,30%,34.3,96%,-0.73,-0.88,-0.58,24%,2.81,5%,6%,20%,44.8,96%,-0.16,-0.26,-0.06,44%,3.79,11%,16%,35%,136106;136286;137687;139075;144354;144661;148179,7,3,4,0,1325,30%,70%
202122,AcademicYear,Multi-academy trust,TAPTON SCHOOL ACADEMY TRUST,4899,TR02239,7697171,10059064,Yorkshire and the Humber,138069;138414;140547,3,1,2,0,3,0,0,3,662,103.7,30%,70%,12%,11%,49.2,95%,-0.09,-0.2,0.02,54%,4.36,29%,35%,45%,34.1,93%,-0.82,-1.03,-0.62,28%,2.83,11%,16%,27%,55.6,95%,0.22,0.08,0.35,65%,5.02,36%,44%,53%,138069;138414;140547;147788,4,2,2,0,859,27%,73%
202122,AcademicYear,Multi-academy trust,STAR ACADEMIES,4903,TR02243,7353849,10058353,North West,138220;140957;140958;140959;141565;141969;141970;141971;142469;142681;142761;144464;144646;144744;144745;145878;147018;147201,18,1,6,11,18,2,3,13,2292,102.3,39%,61%,50%,14%,49.8,92%,0.33,0.27,0.39,64%,4.72,20%,29%,86%,43.5,92%,-0.01,-0.11,0.08,52%,4.11,15%,21%,80%,53.7,92%,0.54,0.46,0.62,71%,5.09,23%,33%,90%,138220;140957;140958;140959;141565;141969;141970;141971;142469;142681;142761;144464;144646;144744;144745;145878;147018;147201;147757,19,1,7,11,2467,40%,60%
202122,AcademicYear,Multi-academy trust,THE TED WRAGG MULTI ACADEMY TRUST,4909,TR02247,8545109,10060466,South West,139682;141514;142805;145404,4,1,3,0,4,0,1,3,615,103.3,30%,70%,8%,21%,48.8,96%,0.01,-0.1,0.13,56%,4.53,25%,32%,47%,39.9,100%,-0.42,-0.63,-0.22,38%,3.65,11%,17%,31%,52.6,94%,0.21,0.07,0.35,63%,4.9,31%,39%,54%,136142;136646;139682;141514;142805;145404;147401;147967,8,2,6,0,1265,35%,65%
202122,AcademicYear,Multi-academy trust,THE THINKING SCHOOLS ACADEMY TRUST,5049,TR02276,7359755,10058356,South East,136108;136313;136594;139714;146624,5,2,3,0,5,0,1,4,803,105,30%,70%,19%,9%,51.2,94%,-0.1,-0.2,0,58%,4.54,29%,36%,47%,34.7,96%,-0.89,-1.07,-0.71,26%,2.91,8%,13%,23%,58.2,93%,0.24,0.12,0.37,71%,5.23,38%,45%,57%,136108;136313;136594;139714;146624;148369,6,3,3,0,923,28%,72%
202122,AcademicYear,Multi-academy trust,TOLLBAR MULTI ACADEMY TRUST,5079,TR02302,8085503,10059809,Yorkshire and the Humber,136192;136268;142392;144968,4,1,3,0,4,0,0,4,728,103,28%,72%,4%,11%,45.9,98%,-0.19,-0.29,-0.09,37%,3.89,9%,13%,21%,39.1,98%,-0.55,-0.74,-0.35,22%,3.22,2%,6%,14%,48.5,98%,-0.05,-0.18,0.07,43%,4.14,12%,16%,24%,136192;136268;142392;144968,4,1,3,0,728,28%,72%
202122,AcademicYear,Multi-academy trust,NOVA EDUCATION TRUST,5084,TR02306,7635510,10055362,East Midlands,135761;136878;138411;140984;141010;144489;144687;144768;146374,9,3,3,3,9,0,3,6,1412,103.2,26%,74%,8%,10%,49.5,96%,0.11,0.04,0.19,54%,4.23,16%,21%,28%,39.6,95%,-0.37,-0.51,-0.22,35%,3.25,6%,9%,15%,53,96%,0.28,0.19,0.37,61%,4.57,20%,25%,33%,135761;136878;138411;140984;141010;144489;144687;144768;146374,9,3,3,3,1412,26%,74%
202122,AcademicYear,Multi-academy trust,TRURO & PENWITH ACADEMY TRUST,5119,TR02603,8880841,10060726,South West,140675;145211;146325,3,1,2,0,3,0,2,1,263,103.4,29%,71%,2%,18%,48.5,97%,-0.12,-0.3,0.05,43%,4.13,16%,20%,30%,39.5,99%,-0.41,-0.73,-0.09,28%,3.33,8%,10%,19%,52.3,96%,0,-0.21,0.21,48%,4.47,20%,24%,35%,140675;145211;146325,3,1,2,0,263,29%,71%
202122,AcademicYear,Multi-academy trust,TUDOR GRANGE ACADEMIES TRUST,5128,TR02332,7365748,10058359,West Midlands,135913;136310;137161;140731;144479;146379,6,3,3,0,6,0,1,5,971,104,27%,73%,9%,17%,49.8,96%,-0.05,-0.14,0.05,52%,4.43,24%,31%,45%,37.1,98%,-0.67,-0.84,-0.5,27%,3.1,6%,8%,18%,54.2,95%,0.18,0.07,0.28,61%,4.9,31%,38%,54%,135913;136310;137161;140731;144479;146379,6,3,3,0,971,27%,73%
202122,AcademicYear,Multi-academy trust,TWYFORD CHURCH OF ENGLAND ACADEMIES TRUST,5132,TR02337,7648968,10058781,London,137546;139725;142654,3,1,0,2,3,0,1,2,502,106.5,22%,78%,26%,9%,64.3,96%,0.93,0.81,1.06,77%,6.24,62%,77%,87%,57.2,97%,0.81,0.55,1.08,62%,5.41,39%,59%,78%,66.3,95%,0.96,0.82,1.11,81%,6.47,69%,82%,90%,137546;139725;142654,3,1,0,2,502,22%,78%
202122,AcademicYear,Multi-academy trust,UFFCULME ACADEMY TRUST,5141,TR02342,7338835,10058321,South West,136287;136295;144392,3,2,1,0,3,2,0,1,537,103.8,24%,76%,4%,16%,49.8,97%,-0.05,-0.18,0.07,56%,4.33,16%,19%,22%,39.2,100%,-0.62,-0.86,-0.37,40%,3.33,7%,9%,12%,53,96%,0.13,-0.01,0.27,60%,4.64,19%,22%,26%,136287;136295;144392,3,2,1,0,537,24%,76%
202122,AcademicYear,Multi-academy trust,UNITED LEARNING TRUST,5143,TR02343,4439859,10037395,National Sponsor Unit,130912;131749;131895;131896;132727;134224;134814;134815;135071;135262;135296;135364;135365;135620;135621;135649;135760;135962;135966;136551;136636;136650;137782;138193;139258;139664;140007;140008;140265;140515;140679;140962;141617;142073;144356;144502;145034;145313;145372;146793;147439;147467,42,9,30,3,42,9,4,29,6455,102.7,35%,65%,26%,15%,50.9,92%,0.35,0.31,0.39,55%,4.56,27%,34%,49%,43.4,94%,-0.07,-0.13,-0.01,41%,3.81,17%,24%,40%,54.8,90%,0.58,0.53,0.62,63%,4.96,31%,40%,54%,130912;131749;131895;131896;132727;134224;134814;134815;135071;135262;135296;135364;135365;135620;135621;135649;135760;135962;135966;136551;136636;136650;137782;138193;139258;139664;140007;140008;140265;140515;140679;140962;141617;142073;144356;144502;145034;145313;145372;146276;146793;147439;147467;148003;148393,45,9,33,3,6933,35%,65%
202122,AcademicYear,Multi-academy trust,VALLEY INVICTA ACADEMIES TRUST,5178,TR02362,7559256,10058619,South East,136581;136582;143954,3,2,1,0,3,0,0,3,590,105.5,11%,89%,8%,6%,51.9,95%,-0.12,-0.24,0,52%,4.67,33%,43%,58%,41.6,100%,-0.64,-0.98,-0.3,38%,3.62,23%,29%,41%,53.2,94%,-0.05,-0.17,0.07,54%,4.8,34%,44%,61%,136581;136582;143954,3,2,1,0,590,11%,89%
202122,AcademicYear,Multi-academy trust,WASHWOOD HEATH MULTI ACADEMY TRUST,5226,TR02400,8531479,10060454,West Midlands,139888;141668;144306,3,1,2,0,3,0,0,3,577,101,71%,29%,46%,10%,40.4,90%,-0.34,-0.46,-0.22,33%,3.61,9%,18%,48%,39.5,93%,-0.36,-0.5,-0.22,31%,3.53,8%,17%,47%,42.8,85%,-0.27,-0.5,-0.04,38%,3.8,12%,18%,51%,139888;141668;144306,3,1,2,0,577,71%,29%
202122,AcademicYear,Multi-academy trust,FUTURA LEARNING PARTNERSHIP,5253,TR02421,7746787,10059285,South West,137523;138204;141665;142127,4,2,1,1,4,1,0,3,629,103.1,23%,77%,2%,14%,49.2,98%,0.1,-0.01,0.21,51%,4.16,13%,16%,19%,38.9,97%,-0.48,-0.72,-0.25,33%,3.16,6%,7%,10%,52.1,98%,0.26,0.14,0.39,56%,4.43,16%,19%,22%,137523;138204;141665;142127,4,2,1,1,629,23%,77%
202122,AcademicYear,Multi-academy trust,WEST NORFOLK ACADEMIES TRUST,5275,TR02565,7546118,10058560,East of England,136515;140557;142396;143520,4,1,3,0,4,0,0,4,688,102,22%,78%,8%,18%,45.9,98%,-0.02,-0.12,0.09,41%,3.91,9%,13%,22%,37.7,100%,-0.45,-0.68,-0.23,28%,3.12,3%,8%,14%,48.3,98%,0.11,-0.01,0.23,45%,4.14,11%,15%,24%,136515;140557;142396;143520,4,1,3,0,688,22%,78%
202122,AcademicYear,Multi-academy trust,THE WHITE HORSE FEDERATION,5315,TR02468,8075785,10048061,South West,130247;137160;138630;146344,4,3,1,0,4,0,2,2,802,102.9,24%,76%,4%,11%,47.3,97%,-0.07,-0.17,0.03,46%,3.92,8%,10%,13%,37.5,98%,-0.51,-0.71,-0.31,26%,3.09,3%,5%,9%,50.3,97%,0.07,-0.04,0.18,52%,4.18,10%,12%,14%,130247;137160;138630;146344,4,3,1,0,802,24%,76%
202122,AcademicYear,Multi-academy trust,WHITE ROSE ACADEMIES TRUST,5316,TR02700,7958615,10059613,Yorkshire and the Humber,135935;136826;139646,3,0,3,0,3,0,0,3,556,99.8,48%,52%,27%,15%,39.8,84%,-0.24,-0.36,-0.11,35%,3.36,8%,10%,24%,35.3,86%,-0.42,-0.6,-0.24,28%,2.97,6%,7%,22%,44,82%,-0.06,-0.24,0.12,43%,3.73,10%,12%,27%,135935;136826;139646,3,0,3,0,556,48%,52%
202122,AcademicYear,Multi-academy trust,WICKERSLEY PARTNERSHIP TRUST,5329,TR02478,8833508,10060709,Yorkshire and the Humber,140553;140646;143545;145954,4,1,3,0,4,0,2,2,809,103.3,30%,70%,10%,15%,47.1,96%,-0.2,-0.3,-0.1,43%,3.78,7%,9%,13%,35.9,92%,-0.52,-0.71,-0.34,20%,2.74,1%,2%,6%,51.6,98%,-0.08,-0.19,0.04,52%,4.2,10%,12%,16%,140553;140646;143545;145954;148547,5,2,3,0,914,33%,67%
202122,AcademicYear,Multi-academy trust,WINDSOR ACADEMY TRUST,5361,TR02503,7523436,10058502,West Midlands,136618;137773;144988;146443,4,3,1,0,4,1,1,2,767,103.8,23%,77%,7%,14%,49.8,99%,0.07,-0.03,0.17,50%,4.08,10%,14%,19%,39.4,98%,-0.46,-0.67,-0.26,26%,3.11,1%,6%,9%,53.1,99%,0.23,0.12,0.35,57%,4.38,12%,16%,22%,136618;137773;144988;146443,4,3,1,0,767,23%,77%
202122,AcademicYear,Multi-academy trust,WOODARD ACADEMIES TRUST,5385,TR02518,6415729,10027236,South East,135744;135745;136824;136923;139658;142174,6,0,5,1,6,0,0,6,942,102.5,26%,74%,13%,16%,44.2,94%,-0.3,-0.4,-0.21,39%,3.89,17%,24%,43%,33.9,96%,-0.88,-1.06,-0.7,22%,2.85,7%,12%,25%,47.8,94%,-0.1,-0.2,0.01,45%,4.26,20%,29%,49%,135744;135745;136824;136923;139658;142174,6,0,5,1,942,26%,74%
202122,AcademicYear,Multi-academy trust,GREENSHAW LEARNING TRUST,5452,TR00911,7633694,10058734,South West,136800;142040;142577;144013;145135;145480;147219;147300,8,2,6,0,8,2,1,5,1241,102.5,32%,68%,17%,20%,50.6,94%,0.32,0.24,0.4,52%,4.25,12%,16%,22%,41.4,96%,-0.25,-0.39,-0.11,32%,3.44,5%,9%,15%,54.6,94%,0.58,0.48,0.67,61%,4.61,15%,19%,25%,136626;136800;142040;142577;144013;144760;145135;145480;147219;147300;147935;148036,12,4,7,1,1742,34%,66%
202122,AcademicYear,Multi-academy trust,LEARNER ENGAGEMENT AND ACHIEVEMENT PARTNERSHIP MULTI-ACADEMY TRUST,5478,TR00305,7361021,10058357,Yorkshire and the Humber,136301;141730;145521,3,3,0,0,3,0,1,2,634,102.7,29%,71%,9%,15%,46.5,98%,-0.08,-0.19,0.03,42%,3.89,13%,16%,19%,37.7,97%,-0.62,-0.83,-0.41,24%,3.03,5%,6%,10%,50.2,98%,0.14,0.01,0.27,50%,4.24,16%,20%,22%,136301;141730;145521,3,3,0,0,634,29%,71%
202122,AcademicYear,Multi-academy trust,PARTNERSHIP LEARNING,5485,TR01615,8339345,10053276,London,139791;141683;142908;143144;143946;145106,6,3,1,2,6,1,1,4,958,102.7,35%,65%,36%,10%,48.9,92%,0.13,0.04,0.23,49%,4.5,30%,41%,69%,42.3,96%,-0.3,-0.45,-0.14,36%,3.8,19%,30%,59%,52.4,90%,0.38,0.26,0.49,56%,4.87,37%,47%,75%,139791;141683;142908;143144;143946;145106,6,3,1,2,958,35%,65%
202122,AcademicYear,Multi-academy trust,THE ATHELSTAN TRUST,5494,TR01381,7699625,10059106,South West,137308;138421;142316,3,2,1,0,3,0,0,3,540,104,13%,87%,3%,12%,51.4,96%,0.13,0.01,0.25,53%,4.59,25%,33%,41%,37.1,96%,-0.59,-0.93,-0.25,20%,3.1,3%,10%,19%,53.6,96%,0.23,0.1,0.36,58%,4.81,29%,36%,44%,136985;137308;138421;142316;148295,5,4,1,0,796,15%,85%
202122,AcademicYear,Multi-academy trust,INVICTUS EDUCATION TRUST,5519,TR02737,9284368,10060890,West Midlands,141325;141342;141343;141570;143582;145593,6,3,3,0,6,0,1,5,976,102.7,24%,76%,10%,13%,46.5,98%,-0.08,-0.17,0.01,44%,3.99,17%,25%,36%,35.4,98%,-0.63,-0.82,-0.45,22%,2.84,4%,10%,18%,50,98%,0.09,-0.01,0.2,51%,4.34,20%,30%,42%,141325;141342;141343;141570;143582;145593,6,3,3,0,976,24%,76%
202122,AcademicYear,Multi-academy trust,ARET� LEARNING TRUST,5622,TR03123,9471240,10060960,Yorkshire and the Humber,141930;145090;146969,3,2,1,0,3,1,1,1,565,104.7,16%,84%,3%,12%,51.2,98%,-0.08,-0.19,0.04,53%,4.65,27%,36%,49%,39.9,99%,-0.52,-0.82,-0.23,31%,3.53,12%,22%,33%,53.3,97%,0.01,-0.12,0.14,57%,4.86,30%,38%,52%,141930;145090;146969,3,2,1,0,565,16%,84%
202122,AcademicYear,Multi-academy trust,"HOPE LEARNING TRUST, YORK",5632,TR01418,7559537,10058624,Yorkshire and the Humber,136544;143864;144929;146769;146819,5,2,3,0,5,2,0,3,723,102.1,26%,74%,5%,10%,44.8,97%,-0.21,-0.32,-0.11,44%,3.91,15%,22%,39%,30.6,97%,-0.89,-1.1,-0.69,20%,2.58,5%,7%,20%,49.1,97%,-0.01,-0.13,0.11,51%,4.31,19%,26%,44%,135598;136544;143864;144929;146769;146819,6,2,4,0,954,32%,68%
202122,AcademicYear,Multi-academy trust,SHARE MULTI ACADEMY TRUST,5635,TR01902,7729878,10059231,Yorkshire and the Humber,137352;146327;146365,3,2,1,0,3,2,0,1,686,102.3,25%,75%,17%,14%,51.9,98%,0.44,0.33,0.54,59%,4.77,33%,43%,60%,38.6,97%,-0.11,-0.33,0.1,31%,3.37,15%,21%,38%,55.7,98%,0.6,0.47,0.72,67%,5.17,38%,49%,66%,137352;146327;146365,3,2,1,0,686,25%,75%
202122,AcademicYear,Multi-academy trust,ARDEN MULTI ACADEMY TRUST,5671,TR00078,7375267,10058364,West Midlands,135971;136333;136991;137008,4,3,1,0,4,1,1,2,848,104.2,19%,81%,5%,12%,53.8,97%,0.35,0.25,0.44,58%,4.61,21%,29%,40%,44.1,98%,-0.15,-0.37,0.07,37%,3.53,8%,14%,22%,56.1,97%,0.47,0.36,0.57,63%,4.87,24%,32%,44%,135971;136333;136991;137008,4,3,1,0,848,19%,81%
202122,AcademicYear,Multi-academy trust,TRINITY MULTI ACADEMY TRUST,5689,TR02674,6897239,10058262,Yorkshire and the Humber,136094;144946;145579,3,1,2,0,3,1,1,1,632,100.5,40%,60%,16%,16%,43.4,95%,-0.05,-0.16,0.07,45%,4.06,16%,22%,27%,37.9,94%,-0.29,-0.47,-0.11,36%,3.46,8%,15%,20%,46.9,95%,0.1,-0.05,0.25,51%,4.43,20%,26%,32%,136094;144946;145579;148545,4,1,3,0,813,37%,63%
