TIME_PERIOD,TIME_IDENTIFIER,TRUST_GROUP_TYPE,TRUST_NAME,TRUST_UID,TRUST_ID,TRUST_COMPANIES_HOUSE_NUMBER,TRUST_UKPRN,TRUST_LEADREGION,INSTITUTIONS_MATPTINC,NUMINST_MATPTINC,NUMINST_CONVERTER_MATPTINC,NUMINST_SPONSOR_MATPTINC,NUMINST_FREE_MATPTINC,NUMINST_STUDIO_MATPTINC,NUMINST_UTC_MATPTINC,NUMINST_FSM6CLA1A_MATPTINC,NUMINST_3_MATPTINC,NUMINST_4_MATPTINC,NUMINST_5PLUS_MATPTINC,TPUP_MATPTINC,KS2ASS_MATPTINC,PFSM6CLA1A_MATPTINC,PNOTFSM6CLA1A_MATPTINC,PEALGRP2_MATPTINC,PSEN_ALL4_MATPTINC,ATT8SCR_WGTAVG,P8MEACOV,P8MEA_WGTAVG,P8CILOW,P8CIUPP,PTL2BASICS_95_WGTAVG,EBACCAPS_WGTAVG,PTEBACC_95_WGTAVG,PTEBACC_94_WGTAVG,PTEBACC_E_PTQ_EE_WGTAVG,ATT8SCR_WGTAVG_FSM6CLA1A,P8MEA_WGTAVG_FSM6CLA1A,P8CILOW_FSM6CLA1A,P8CIUPP_FSM6CLA1A,PTL2BASICS_95_WGTAVG_FSM6CLA1A,EBACCAPS_WGTAVG_FSM6CLA1A,PTEBACC_95_WGTAVG_FSM6CLA1A,PTEBACC_94_WGTAVG_FSM6CLA1A,PTEBACC_E_PTQ_EE_WGTAVG_FSM6CLA1A,ATT8SCR_WGTAVG_NFSM6CLA1A,P8MEA_WGTAVG_NFSM6CLA1A,P8CILOW_NFSM6CLA1A,P8CIUPP_NFSM6CLA1A,PTL2BASICS_95_WGTAVG_NFSM6CLA1A,EBACCAPS_WGTAVG_NFSM6CLA1A,PTEBACC_95_WGTAVG_NFSM6CLA1A,PTEBACC_94_WGTAVG_NFSM6CLA1A,PTEBACC_E_PTQ_EE_WGTAVG_NFSM6CLA1A,P8_BANDING,INSTITUTIONS_INMAT,NUMINST_INMAT,NUMINST_CONVERTER_INMAT,NUMINST_SPONSOR_INMAT,NUMINST_FREE_INMAT,NUMINST_STUDIO_INMAT,NUMINST_UTC_INMAT,TPUP_INMAT,PFSM6CLA1A_INMAT,PNOTFSM6CLA1A_INMAT
202324,Academic year,Multi-academy trust,Abbey Multi Academy Trust,2046,TR00002,7705552,10059141,Yorkshire and the Humber,137036;137083;144809,3,1,2,0,0,0,3,0,0,3,611,103.9,29%,71%,23%,11%,47,92%,0.14,0.02,0.25,46%,4.08,13%,21%,38%,35.7,-0.39,-0.6,-0.17,28%,3.02,3%,9%,24%,51.5,0.34,0.2,0.48,53%,4.51,17%,26%,43%,Above average,137036;137083;144809,3,1,2,0,0,0,611,29%,71%
202324,Academic year,Multi-academy trust,Academies Enterprise Trust,2053,TR00008,6625091,10033736,East of England,133768;135651;135652;135653;135957;136147;136208;136753;137138;137188;138435;138439;138585;138728;138920;138985;139047;139048;139118;139276;139334,21,2,19,0,0,0,21,0,0,21,3948,103.1,35%,65%,16%,18%,40.6,92%,-0.35,-0.4,-0.3,37%,3.51,9%,15%,34%,32.4,-0.77,-0.85,-0.69,23%,2.77,4%,8%,28%,45,-0.12,-0.18,-0.07,45%,3.91,12%,19%,38%,Below average,133768;135651;135652;135653;135957;136147;136208;136753;137138;137188;138435;138439;138585;138728;138920;138985;139047;139048;139118;139276;139334,21,2,19,0,0,0,3948,35%,65%
202324,Academic year,Multi-academy trust,Academy Transformation Trust,2062,TR00015,7846852,10039859,East of England,138918;139043;139058;139062;139063;139288;139578;139867;139937;142594,10,4,6,0,0,0,10,0,0,10,1659,102.5,30%,70%,15%,15%,39.9,95%,-0.3,-0.37,-0.23,31%,3.58,13%,22%,54%,31.5,-0.68,-0.81,-0.55,17%,2.76,7%,13%,39%,43.6,-0.13,-0.22,-0.05,37%,3.93,16%,26%,60%,Below average,138918;139043;139058;139062;139063;139288;139578;139867;139937;142594,10,4,6,0,0,0,1659,30%,70%
202324,Academic year,Multi-academy trust,The Active Learning Trust Limited,2075,TR00024,7903002,10059514,East of England,138177;138373;139272,3,1,2,0,0,0,3,0,0,3,668,102.1,29%,71%,7%,15%,37.1,97%,-0.51,-0.62,-0.4,33%,3.24,7%,12%,29%,27.2,-0.95,-1.15,-0.75,17%,2.38,4%,6%,24%,41.2,-0.33,-0.46,-0.2,40%,3.59,8%,15%,31%,Well below average,138177;138373;139272,3,1,2,0,0,0,668,29%,71%
202324,Academic year,Multi-academy trust,Education Partnership Trust,3016,TR00059,7950891,10059591,North West,138233;141028;142088,3,0,1,2,0,0,3,0,2,1,443,102.8,33%,67%,17%,12%,43.1,93%,-0.04,-0.18,0.1,40%,3.86,12%,20%,49%,38.2,-0.33,-0.57,-0.09,29%,3.4,7%,13%,42%,45.3,0.1,-0.07,0.26,46%,4.07,14%,23%,53%,Average,138233;141028;142088,3,0,1,2,0,0,443,33%,67%
202324,Academic year,Multi-academy trust,Arden Multi Academy Trust,5671,TR00078,7375267,10058364,West Midlands,135971;136333;136991;137008,4,3,1,0,0,0,4,0,0,4,863,105,21%,79%,8%,15%,50.3,96%,0.24,0.14,0.33,53%,4.38,23%,29%,41%,38.1,-0.49,-0.69,-0.28,24%,3.18,9%,15%,28%,53.7,0.43,0.33,0.54,60%,4.7,26%,33%,44%,Above average,135971;136333;136991;137008,4,3,1,0,0,0,863,21%,79%
202324,Academic year,Multi-academy trust,Ark Schools,2157,TR00081,5112090,10044534,London,131752;135242;135315;135389;135584;135600;135965;135970;137578;138245;138267;138518;138681;139718;139815;139821;140014;141019;141752;146318;147061,21,1,15,5,0,0,21,0,0,21,3262,103.3,49%,51%,46%,19%,46.6,91%,0.19,0.14,0.24,48%,4.33,23%,35%,64%,42.2,-0.02,-0.09,0.05,39%,3.88,17%,26%,58%,50.8,0.39,0.32,0.46,56%,4.77,28%,43%,69%,Above average,131752;135242;135315;135389;135584;135600;135965;135970;137578;138245;138267;138518;138681;139718;139815;139821;140014;141019;141752;146318;147061,21,1,15,5,0,0,3262,49%,51%
202324,Academic year,Multi-academy trust,Consilium Academies,15728,TR00082,9495671,10061209,North East,138314;143059;143845;144199;144200;144937;144990;145490,8,5,3,0,0,0,8,0,0,8,1201,103.3,40%,60%,17%,19%,37.7,92%,-0.72,-0.81,-0.64,28%,3.14,5%,8%,15%,28.8,-1.13,-1.27,-1,13%,2.39,2%,6%,14%,43.6,-0.44,-0.55,-0.34,38%,3.63,6%,9%,16%,Well below average,138314;143059;143845;144199;144200;144937;144990;145490,8,5,3,0,0,0,1201,40%,60%
202324,Academic year,Multi-academy trust,The Arthur Terry Learning Partnership,2166,TR00089,7730920,10034759,West Midlands,136986;138136;138137;144721;146493,5,4,1,0,0,0,5,0,0,5,912,104.7,32%,68%,9%,17%,43.4,96%,-0.37,-0.46,-0.28,41%,3.94,19%,30%,50%,32.4,-0.81,-0.97,-0.64,20%,2.85,6%,12%,38%,48.8,-0.16,-0.27,-0.04,51%,4.46,25%,38%,57%,Below average,136986;137209;138136;138137;144721;146493,6,5,1,0,0,0,1116,33%,67%
202324,Academic year,Multi-academy trust,The Two Counties Trust,16093,TR00097,7972029,10059639,East Midlands,137158;137981;142725;142741;144391;145109;145966;146451;147400,9,7,2,0,0,0,9,0,1,8,1956,103.7,28%,72%,4%,15%,42,97%,-0.33,-0.39,-0.26,39%,3.68,12%,19%,36%,31.3,-0.85,-0.97,-0.73,19%,2.66,4%,8%,21%,46.1,-0.13,-0.2,-0.05,47%,4.07,15%,23%,41%,Below average,137158;137981;142725;142741;144391;145109;145966;146451;147400,9,7,2,0,0,0,1956,28%,72%
202324,Academic year,Multi-academy trust,Aspirations Academies Trust,2186,TR00103,7867577,10059468,London,137009;138499;139711;140886;142126;145119;145121;147443,8,1,5,0,2,0,8,0,0,8,1041,103.7,29%,71%,20%,20%,41,92%,-0.42,-0.5,-0.33,36%,3.75,10%,20%,55%,31.9,-1.03,-1.19,-0.87,23%,2.89,6%,12%,39%,44.8,-0.15,-0.25,-0.04,41%,4.11,12%,23%,62%,Below average,137009;138499;139711;140886;142126;145119;145121;147443,8,1,5,0,2,0,1041,29%,71%
202324,Academic year,Multi-academy trust,Aston Community Education Trust,2195,TR00105,7577113,10058668,Yorkshire and the Humber,136127;136718;143141,3,1,2,0,0,0,3,0,0,3,643,103.4,26%,74%,7%,20%,41.7,97%,-0.28,-0.39,-0.17,42%,3.66,12%,22%,49%,30.9,-0.81,-1.02,-0.59,21%,2.62,4%,8%,25%,45.5,-0.09,-0.22,0.04,50%,4.04,15%,26%,58%,Below average,136127;136718;143141,3,1,2,0,0,0,643,26%,74%
202324,Academic year,Multi-academy trust,Matrix Academy Trust,3878,TR00136,7654219,10053216,West Midlands,136885;137274;137771;143438;148521,5,3,2,0,0,0,5,1,0,4,883,103.2,38%,62%,14%,13%,44.9,96%,0.05,-0.05,0.14,46%,4.13,21%,36%,64%,37,-0.29,-0.45,-0.14,27%,3.26,11%,20%,50%,49.8,0.26,0.14,0.38,58%,4.67,27%,46%,73%,Average,136885;137274;137771;141245;143438;148521;149635,7,4,3,0,0,0,1146,39%,61%
202324,Academic year,Multi-academy trust,Batley Multi Academy Trust,15729,TR00147,7732537,10059240,Yorkshire and the Humber,137424;137487;142406,3,1,1,1,0,0,3,0,1,2,551,103.6,30%,70%,54%,11%,46,97%,0.08,-0.04,0.2,45%,4.15,17%,26%,45%,38.1,-0.28,-0.5,-0.07,32%,3.37,10%,15%,30%,49.5,0.24,0.1,0.38,50%,4.49,20%,31%,52%,Average,137424;137487;142406,3,1,1,1,0,0,551,30%,70%
202324,Academic year,Multi-academy trust,Lionheart Educational Trust,3760,TR00158,8473899,10055191,East Midlands,137799;137828;139624;140787;145558;146108,6,5,1,0,0,0,6,0,0,6,1318,105.8,19%,81%,21%,12%,49.9,93%,0.05,-0.03,0.13,53%,4.68,28%,41%,79%,39,-0.44,-0.62,-0.26,33%,3.63,17%,26%,63%,52.3,0.17,0.08,0.25,58%,4.92,31%,44%,83%,Average,137799;137828;138301;138478;139624;140787;145558;146108,8,7,1,0,0,0,1660,19%,81%
202324,Academic year,Multi-academy trust,Beckfoot Trust,2270,TR00163,8155088,10059960,Yorkshire and the Humber,139975;142031;143112;143114,4,1,3,0,0,0,4,0,0,4,960,102.9,32%,68%,24%,23%,39.8,96%,-0.31,-0.4,-0.22,35%,3.54,13%,21%,45%,29.4,-0.92,-1.08,-0.76,17%,2.58,6%,10%,35%,44.8,-0.03,-0.14,0.08,44%,4,17%,26%,49%,Below average,139975;142031;143112;143114,4,1,3,0,0,0,960,32%,68%
202324,Academic year,Multi-academy trust,The Bishop Konstant Catholic Academy Trust,2332,TR00214,8253770,10060123,Yorkshire and the Humber,138950;138951;148167,3,3,0,0,0,0,3,1,0,2,505,104,18%,82%,19%,17%,46.5,97%,0.02,-0.1,0.15,48%,4.17,20%,26%,39%,31.5,-0.7,-1,-0.41,22%,2.69,2%,5%,18%,49.9,0.19,0.05,0.32,54%,4.5,24%,31%,44%,Average,138950;138951;148167,3,3,0,0,0,0,505,18%,82%
202324,Academic year,Multi-academy trust,St Thomas Aquinas Catholic Multi Academy Trust,2354,TR00235,8090890,10059818,East Midlands,138290;138298;146196;146232,4,4,0,0,0,0,4,0,0,4,753,105.2,15%,85%,30%,13%,52.4,96%,0.43,0.32,0.53,57%,4.65,22%,29%,39%,41.9,-0.09,-0.35,0.17,39%,3.62,13%,18%,27%,54.2,0.52,0.41,0.63,60%,4.83,23%,31%,41%,Above average,138290;138298;146196;146232,4,4,0,0,0,0,753,15%,85%
202324,Academic year,Multi-academy trust,Archway Learning Trust,2363,TR00242,7875164,10052837,East Midlands,136716;137798;139765;140369;143934;145146;148538,7,5,2,0,0,0,7,3,0,4,1289,103.2,44%,56%,20%,21%,41.6,96%,-0.3,-0.38,-0.22,35%,3.5,9%,13%,21%,34.8,-0.65,-0.77,-0.53,22%,2.9,6%,9%,17%,47.1,-0.01,-0.11,0.1,46%,3.98,12%,17%,23%,Below average,136716;137798;139765;140369;143934;145146;148538,7,5,2,0,0,0,1289,44%,56%
202324,Academic year,Multi-academy trust,Bohunt Education Trust,2368,TR00246,7535642,10058531,South East,136643;136903;138287;140424;141175;142181;147187;148221,8,4,3,1,0,0,8,1,0,7,1962,105.5,14%,86%,8%,14%,50,93%,0.12,0.05,0.18,53%,4.6,27%,39%,60%,35.1,-0.74,-0.91,-0.56,23%,3.09,7%,14%,35%,52.4,0.26,0.19,0.33,58%,4.84,30%,43%,64%,Above average,136643;136903;138287;140424;141175;142181;147187;148221,8,4,3,1,0,0,1962,14%,86%
202324,Academic year,Multi-academy trust,The Chelmsford Learning Partnership,2377,TR00254,7907388,10059519,East of England,137874;145597;145916,3,2,0,1,0,0,3,0,0,3,646,104.6,17%,83%,11%,11%,48.4,96%,0.1,-0.01,0.21,50%,4.42,27%,37%,54%,31.9,-0.85,-1.12,-0.58,26%,2.84,8%,16%,31%,51.7,0.3,0.18,0.42,55%,4.74,31%,42%,59%,Average,137874;145597;145916,3,2,0,1,0,0,646,17%,83%
202324,Academic year,Multi-academy trust,Life Multi-Academy Trust,16430,TR00255,7992438,10059702,East Midlands,137969;138350;138721;143844;147902;148549,6,6,0,0,0,0,6,3,1,2,1120,104.7,19%,81%,8%,13%,43.3,98%,-0.35,-0.44,-0.27,45%,3.94,17%,27%,53%,31.3,-1.07,-1.26,-0.88,23%,2.79,5%,13%,39%,46.3,-0.18,-0.27,-0.08,51%,4.22,20%,31%,56%,Below average,137969;138350;138721;143844;147902;148549,6,6,0,0,0,0,1120,19%,81%
202324,Academic year,Multi-academy trust,Anglian Learning,16031,TR00257,7564749,10058649,East of England,136442;136677;136775;137427;138734;142035,6,5,1,0,0,0,6,0,2,4,1108,105.8,15%,85%,8%,12%,51.5,95%,0.16,0.08,0.25,55%,4.7,28%,33%,43%,32.8,-0.73,-0.95,-0.5,19%,2.83,4%,9%,18%,54.8,0.32,0.23,0.41,61%,5.03,32%,38%,47%,Above average,136442;136677;136775;137427;138734;142035,6,5,1,0,0,0,1108,15%,85%
202324,Academic year,Multi-academy trust,Bourne Education Trust,2386,TR00263,7768726,10059305,South East,137595;138460;138765;139948;143419;143420;144741;145125,8,3,4,1,0,0,8,2,1,5,1305,104.9,23%,77%,17%,14%,45.9,89%,-0.23,-0.31,-0.15,44%,4.07,17%,26%,41%,34.3,-0.8,-0.96,-0.63,21%,2.89,6%,10%,23%,49.3,-0.04,-0.14,0.05,51%,4.41,20%,31%,46%,Below average,137595;138460;138765;139948;143419;143420;144741;145125,8,3,4,1,0,0,1305,23%,77%
202324,Academic year,Multi-academy trust,South Lincolnshire Academies Trust,16247,TR00265,7559187,10058617,East Midlands,137572;144488;148185,3,2,1,0,0,0,3,0,1,2,666,101.6,24%,76%,18%,17%,45.3,96%,0.44,0.33,0.55,34%,3.63,6%,9%,14%,37.8,0.09,-0.14,0.32,21%,3,1%,4%,11%,47.5,0.54,0.42,0.67,38%,3.82,7%,11%,15%,Above average,137572;144488;148185;149436,4,2,2,0,0,0,793,25%,75%
202324,Academic year,Multi-academy trust,Bradford Diocesan Academies Trust,2408,TR00278,8258994,10060130,Yorkshire and the Humber,138087;140429;142590;142825,4,2,2,0,0,0,4,0,0,4,950,102.8,40%,60%,18%,17%,38.2,95%,-0.5,-0.59,-0.41,30%,3.29,11%,19%,37%,29.3,-0.98,-1.12,-0.83,16%,2.47,6%,11%,31%,44.1,-0.18,-0.3,-0.06,39%,3.83,14%,24%,42%,Below average,138087;140204;140429;142590;142825,5,2,2,1,0,0,1064,39%,61%
202324,Academic year,Multi-academy trust,Bridgwater & Taunton College Trust,2434,TR00296,8098956,10059829,South West,136791;137080;138375;139655,4,2,2,0,0,0,4,0,1,3,565,102.8,23%,77%,6%,24%,38.3,95%,-0.43,-0.55,-0.31,33%,3.33,5%,10%,36%,30.3,-0.78,-1.02,-0.53,15%,2.63,2%,8%,39%,40.8,-0.32,-0.46,-0.18,38%,3.54,6%,11%,35%,Below average,136791;137080;138375;139655,4,2,2,0,0,0,565,23%,77%
202324,Academic year,Multi-academy trust,Bright Futures Educational Trust,2437,TR00298,7695771,10046414,North West,137289;138097;140021,3,1,2,0,0,0,3,0,0,3,521,106.7,40%,60%,32%,16%,49.1,76%,-0.33,-0.47,-0.19,48%,4.74,42%,45%,63%,28.5,-1.35,-1.57,-1.13,14%,2.62,11%,15%,41%,63,0.39,0.21,0.57,70%,6.16,63%,65%,77%,Below average,137289;138097;140021,3,1,2,0,0,0,521,40%,60%
202324,Academic year,Multi-academy trust,Cathedral Schools Trust,16026,TR00307,6516626,10058233,South West,135575;142853;147072,3,1,1,1,0,0,3,0,0,3,435,105.2,23%,77%,22%,15%,51.6,95%,0.3,0.16,0.44,55%,4.51,18%,24%,31%,41.1,-0.02,-0.3,0.27,35%,3.49,4%,11%,20%,54.8,0.4,0.24,0.55,61%,4.82,23%,27%,34%,Above average,135575;142853;147072,3,1,1,1,0,0,435,23%,77%
202324,Academic year,Multi-academy trust,The Brooke Weston Trust,2471,TR00327,2400784,10058154,East Midlands,135306;135317;135967;137867;138254,5,0,4,1,0,0,5,0,0,5,1019,102.9,26%,74%,25%,13%,43.4,95%,0.01,-0.08,0.1,42%,3.89,17%,28%,48%,34,-0.53,-0.7,-0.35,24%,2.97,8%,14%,39%,46.8,0.2,0.1,0.31,48%,4.22,20%,33%,51%,Average,135306;135317;135967;137867;138254,5,0,4,1,0,0,1019,26%,74%
202324,Academic year,Multi-academy trust,Bmat Education,2497,TR00353,7843166,10059426,East of England,137694;141328;143697;145050;145410;145931;148423,7,1,4,1,0,1,7,1,0,6,973,103.3,31%,69%,20%,17%,41.6,92%,-0.32,-0.42,-0.23,39%,3.72,12%,19%,41%,34.2,-0.76,-0.92,-0.59,28%,3.07,6%,12%,35%,44.9,-0.13,-0.24,-0.02,44%,4.01,15%,22%,43%,Below average,137694;141328;143697;145050;145410;145931;148423,7,1,4,1,0,1,973,31%,69%
202324,Academic year,Multi-academy trust,Cabot Learning Federation,2516,TR00367,6207590,10058211,South West,135295;135300;135959;136708;137106;141042;142079;144509;147351,9,1,7,0,1,0,9,0,0,9,1535,102.6,31%,69%,18%,24%,43.6,94%,0.06,-0.01,0.13,39%,3.72,9%,16%,29%,35.4,-0.31,-0.44,-0.17,23%,2.97,3%,7%,24%,47.3,0.23,0.14,0.31,46%,4.07,12%,19%,31%,Average,135295;135300;135959;136708;137106;137752;141042;142079;144509;147351,10,2,7,0,1,0,1735,30%,70%
202324,Academic year,Multi-academy trust,Meridian Trust,2526,TR00375,7552498,10053421,East of England,136470;136471;136580;136974;137082;137600;137886;139401;139988;142902;143404;148128,12,9,2,0,0,1,12,4,1,7,2109,104,18%,82%,10%,9%,48,96%,0.24,0.18,0.3,46%,4.21,17%,25%,37%,36.7,-0.29,-0.44,-0.14,24%,3.13,5%,11%,24%,50.5,0.36,0.29,0.43,51%,4.45,19%,28%,40%,Above average,136470;136471;136580;136974;137082;137600;137886;139401;139988;142902;143404;148128,12,9,2,0,0,1,2109,18%,82%
202324,Academic year,Multi-academy trust,The Cardinal Hume Academies Trust,2543,TR00389,8148675,10059941,London,139362;139369;143082,3,3,0,0,0,0,3,0,0,3,549,104.7,28%,72%,31%,18%,52.9,89%,0.55,0.43,0.68,56%,4.89,27%,43%,86%,49.7,0.39,0.15,0.62,53%,4.58,21%,36%,83%,54.1,0.61,0.47,0.76,57%,5.02,30%,46%,87%,Well above average,139362;139369;143082,3,3,0,0,0,0,549,28%,72%
202324,Academic year,Multi-academy trust,Bishop Wilkinson Catholic Education Trust,16035,TR00390,7890590,10059486,North East,137851;137852;138172;143583;147142,5,5,0,0,0,0,5,0,3,2,1165,105.9,19%,81%,7%,7%,53,98%,0.36,0.28,0.44,57%,4.8,28%,42%,62%,44.5,-0.08,-0.27,0.11,38%,3.99,18%,29%,51%,55,0.46,0.37,0.55,62%,4.98,30%,45%,64%,Above average,137851;137852;138172;143583;147142,5,5,0,0,0,0,1165,19%,81%
202324,Academic year,Multi-academy trust,Bishop Hogarth Catholic Education Trust,2548,TR00392,7808732,10055116,North East,137622;137702;139656;140867;141370,5,3,2,0,0,0,5,0,2,3,1080,105.5,23%,77%,7%,14%,47.2,99%,-0.14,-0.22,-0.05,46%,4.09,15%,26%,45%,36.3,-0.7,-0.87,-0.52,29%,3.06,9%,15%,30%,50.5,0.03,-0.07,0.13,51%,4.41,17%,29%,50%,Below average,137622;137702;139656;140867;141370,5,3,2,0,0,0,1080,23%,77%
202324,Academic year,Multi-academy trust,Castle Phoenix Trust,2565,TR00407,8331385,10060243,West Midlands,139292;145019;146436,3,1,2,0,0,0,3,0,0,3,589,102.9,19%,81%,20%,14%,43,97%,-0.04,-0.16,0.07,42%,3.6,6%,9%,19%,32.7,-0.43,-0.7,-0.17,21%,2.66,4%,5%,9%,45.5,0.05,-0.08,0.18,47%,3.83,7%,10%,21%,Average,139292;145019;146436,3,1,2,0,0,0,589,19%,81%
202324,Academic year,Multi-academy trust,Castle School Education Trust,2567,TR00409,8397975,10060317,South West,139345;139348;141341;142008,4,2,2,0,0,0,4,0,0,4,785,104.6,14%,86%,8%,11%,47.5,94%,0.03,-0.07,0.13,46%,4.27,21%,28%,41%,32.3,-0.73,-1,-0.46,14%,2.74,4%,7%,23%,49.9,0.16,0.05,0.27,52%,4.52,23%,31%,44%,Average,139345;139348;141341;142008,4,2,2,0,0,0,785,14%,86%
202324,Academic year,Multi-academy trust,Central Learning Partnership Trust,2594,TR00427,7827368,10059395,West Midlands,137730;138098;145114,3,1,2,0,0,0,3,0,0,3,558,104.3,39%,61%,23%,24%,48.1,98%,0.16,0.05,0.28,42%,3.58,1%,3%,6%,42.8,-0.01,-0.2,0.18,31%,3.13,1%,1%,3%,51.5,0.28,0.13,0.43,50%,3.88,2%,4%,8%,Above average,137730;138098;145114,3,1,2,0,0,0,558,39%,61%
202324,Academic year,Multi-academy trust,Anthem Schools Trust,2597,TR00429,7468210,10058447,East Midlands,134003;136261;137873;138367;138571,5,1,3,1,0,0,5,0,0,5,893,103,24%,76%,24%,19%,43.6,94%,-0.03,-0.12,0.07,41%,3.84,14%,21%,35%,38.3,-0.24,-0.44,-0.05,32%,3.38,11%,18%,34%,45.3,0.04,-0.07,0.15,44%,3.98,15%,22%,36%,Average,134003;136261;137873;138367;138571,5,1,3,1,0,0,893,24%,76%
202324,Academic year,Multi-academy trust,The Laurus Trust,2627,TR00453,7907463,10054410,North West,137843;137923;143729;145893;145894,5,2,0,3,0,0,5,0,0,5,1088,105.4,20%,80%,14%,19%,54.4,97%,0.58,0.49,0.66,59%,5.2,41%,57%,77%,43.1,0.12,-0.07,0.31,41%,4,22%,33%,60%,57.3,0.69,0.6,0.79,64%,5.49,46%,63%,81%,Well above average,137843;137923;143729;145893;145894;149936,6,3,0,3,0,0,1338,18%,82%
202324,Academic year,Multi-academy trust,River Learning Trust,2644,TR00467,7966500,10059630,South East,137936;137970;138817;138897;140875;145139;147203;148354,8,6,1,1,0,0,8,2,0,6,1464,104.7,22%,78%,17%,18%,50.4,92%,0.25,0.17,0.32,55%,4.49,23%,29%,36%,34.9,-0.56,-0.72,-0.4,29%,3.04,8%,12%,22%,54.4,0.46,0.37,0.54,62%,4.86,26%,33%,40%,Above average,137936;137970;138817;138897;139146;140875;145139;147203;148354,9,7,1,1,0,0,1734,22%,78%
202324,Academic year,Multi-academy trust,Chiltern Learning Trust,2661,TR00480,7559901,10055370,East of England,136319;136651;137462;144311;144312;145872,6,5,0,1,0,0,6,0,0,6,1383,103.5,26%,74%,53%,11%,49.4,94%,0.42,0.34,0.5,53%,4.45,25%,35%,51%,44.2,0.26,0.11,0.41,43%,3.96,20%,29%,44%,51.1,0.47,0.38,0.56,57%,4.61,27%,38%,54%,Above average,136319;136651;137462;138067;142387;144311;144312;145872;149208,9,6,2,1,0,0,1832,28%,72%
202324,Academic year,Multi-academy trust,The Learning Trust,16429,TR00495,7523884,10058507,North West,136645;143817;144742,3,1,1,0,1,0,3,0,0,3,426,105.6,20%,80%,7%,12%,48.2,90%,-0.07,-0.21,0.07,50%,4.29,19%,25%,42%,33.7,-0.73,-1.04,-0.42,20%,2.94,6%,13%,28%,51.8,0.11,-0.05,0.27,57%,4.63,22%,28%,45%,Average,136645;143817;144742,3,1,1,0,1,0,426,20%,80%
202324,Academic year,Multi-academy trust,City Of London Academies Trust,2705,TR00514,4504128,10058170,London,134222;135587;135835;143659;143756;144962,6,0,4,2,0,0,6,0,0,6,954,104.5,56%,44%,37%,20%,50.4,95%,0.34,0.25,0.44,54%,4.64,28%,40%,56%,46,0.11,-0.01,0.23,47%,4.18,21%,33%,50%,56,0.65,0.51,0.79,64%,5.22,37%,49%,64%,Above average,134222;135587;135835;143659;143756;144962,6,0,4,2,0,0,954,56%,44%
202324,Academic year,Multi-academy trust,The Sigma Trust,16257,TR00517,7926573,10059545,East of England,137927;137937;137944;138084;145061;146794;146795;147080,8,6,1,1,0,0,8,0,0,8,1814,103.8,22%,78%,7%,11%,42.9,95%,-0.21,-0.28,-0.14,40%,3.71,11%,18%,36%,32.3,-0.82,-0.96,-0.67,21%,2.74,5%,9%,22%,46,-0.03,-0.11,0.04,45%,4,13%,21%,40%,Below average,137927;137937;137944;138084;145061;146794;146795;147080,8,6,1,1,0,0,1814,22%,78%
202324,Academic year,Multi-academy trust,Coastal Academies Trust,2731,TR00532,7552665,10058585,South East,136571;136584;136585,3,3,0,0,0,0,3,0,0,3,433,105,32%,68%,9%,19%,47.8,95%,0.05,-0.09,0.18,48%,4.3,25%,33%,45%,35.4,-0.49,-0.73,-0.25,25%,3.05,10%,14%,24%,53.7,0.31,0.14,0.48,59%,4.89,33%,41%,54%,Average,136571;136584;136585;149554,4,3,1,0,0,0,601,38%,62%
202324,Academic year,Multi-academy trust,Alpha Trust,16995,TR00537,7755713,10059294,East of England,137515;137926;137945,3,3,0,0,0,0,3,0,0,3,643,107,10%,90%,14%,8%,58.1,92%,0.48,0.37,0.6,65%,5.28,32%,36%,44%,SUPPMAT,SUPPMAT,SUPPMAT,SUPPMAT,SUPPMAT,SUPPMAT,SUPPMAT,SUPPMAT,SUPPMAT,SUPPMAT,SUPPMAT,SUPPMAT,SUPPMAT,SUPPMAT,SUPPMAT,SUPPMAT,SUPPMAT,SUPPMAT,Above average,137515;137926;137945,3,3,0,0,0,0,643,10%,90%
202324,Academic year,Multi-academy trust,Shireland Collegiate Academy Trust,2744,TR00543,6336693,10058221,West Midlands,135170;143818;147182,3,0,2,1,0,0,3,0,0,3,611,102.7,39%,61%,31%,14%,42.6,96%,-0.04,-0.16,0.07,35%,3.61,7%,13%,59%,38.2,-0.2,-0.39,-0.02,28%,3.21,6%,7%,55%,45.4,0.06,-0.08,0.21,39%,3.87,8%,16%,62%,Average,135170;143818;147182,3,0,2,1,0,0,611,39%,61%
202324,Academic year,Multi-academy trust,The Cam Academy Trust,2753,TR00550,7491945,10055220,East of England,136463;137248;137527;139408,4,3,0,1,0,0,4,0,0,4,948,104.4,18%,82%,14%,11%,48.2,90%,0.1,0,0.19,50%,4.28,18%,24%,37%,34,-0.54,-0.76,-0.32,27%,2.9,5%,8%,19%,51.3,0.24,0.14,0.35,56%,4.59,21%,28%,41%,Average,136463;137248;137527;139408,4,3,0,1,0,0,948,18%,82%
202324,Academic year,Multi-academy trust,Community Academies Trust,2755,TR00552,7472736,10058454,West Midlands,136459;138936;139536;139766;142285,5,2,3,0,0,0,5,0,0,5,879,103,35%,65%,10%,23%,36.4,94%,-0.73,-0.82,-0.63,23%,3.11,7%,11%,22%,28.6,-1.22,-1.39,-1.06,13%,2.39,1%,4%,12%,40.5,-0.46,-0.58,-0.34,29%,3.5,10%,15%,28%,Well below average,136459;138936;139536;139766;142285,5,2,3,0,0,0,879,35%,65%
202324,Academic year,Multi-academy trust,Middlesex Learning Trust,16751,TR00556,7445586,10058414,London,136418;142727;148692,3,3,0,0,0,0,3,1,0,2,640,105.1,27%,73%,31%,16%,52.5,91%,0.36,0.24,0.47,61%,4.63,21%,25%,32%,45.1,-0.02,-0.24,0.2,47%,3.88,11%,14%,23%,55.1,0.49,0.36,0.63,66%,4.89,25%,30%,35%,Above average,136418;142727;148692,3,3,0,0,0,0,640,27%,73%
202324,Academic year,Multi-academy trust,The Learning Alliance,2766,TR00558,7538467,10058540,North West,136655;138002;139953;140813;142890;147654,6,2,2,0,1,1,6,1,4,1,701,103.9,26%,74%,13%,15%,40.6,92%,-0.52,-0.63,-0.41,37%,3.54,12%,19%,42%,29.1,-1.1,-1.31,-0.88,18%,2.39,3%,6%,19%,44.3,-0.33,-0.45,-0.2,44%,3.92,15%,24%,49%,Well below average,136655;138002;139953;140813;142890;147654,6,2,2,0,1,1,701,26%,74%
202324,Academic year,Multi-academy trust,The Co-Operative Academies Trust,2777,TR00567,7747126,10059286,North West,136102;136174;136987;137065;142762;144588;144627;146315;146404;147177,10,3,7,0,0,0,10,0,0,10,2331,102.5,43%,57%,34%,17%,39.7,90%,-0.34,-0.4,-0.28,32%,3.37,7%,12%,27%,32.9,-0.67,-0.76,-0.57,21%,2.75,4%,7%,23%,44.8,-0.09,-0.17,-0.01,41%,3.84,10%,15%,30%,Below average,136102;136174;136987;137065;142762;144588;144627;146315;146404;147177,10,3,7,0,0,0,2331,43%,57%
202324,Academic year,Multi-academy trust,Creative Education Trust,2816,TR00604,7617529,10058707,East Midlands,135665;137100;137541;137781;138858;139068;139819;139961;141331;145952;146539,11,2,9,0,0,0,11,0,0,11,2389,102.3,32%,68%,22%,12%,40.9,93%,-0.16,-0.22,-0.1,33%,3.52,9%,15%,25%,31.6,-0.65,-0.75,-0.54,18%,2.65,3%,6%,14%,45.4,0.08,0.01,0.15,41%,3.94,12%,19%,30%,Below average,135665;137100;137541;137781;138858;139068;139819;139961;141331;145952;146539,11,2,9,0,0,0,2389,32%,68%
202324,Academic year,Multi-academy trust,Aldridge Education,2096,TR00628,5670663,10058195,North West,135580;136164;137063;139924;141321;144900;146303,7,1,4,0,1,1,7,0,0,7,1078,103.4,35%,65%,20%,16%,40.4,91%,-0.39,-0.48,-0.3,35%,3.44,11%,14%,23%,34.1,-0.7,-0.85,-0.56,24%,2.86,5%,8%,18%,43.9,-0.22,-0.33,-0.11,41%,3.76,14%,17%,27%,Below average,135580;136164;137063;139924;141321;144900;146303,7,1,4,0,1,1,1078,35%,65%
202324,Academic year,Multi-academy trust,The David Ross Education Trust,2854,TR00633,6182612,10058206,East Midlands,135294;136201;136479;137200;138757;138783;139060;141166;141391;141874;144739,11,3,7,1,0,0,11,0,0,11,1410,103.1,31%,69%,15%,21%,41.3,94%,-0.25,-0.32,-0.17,34%,3.75,14%,23%,42%,33.8,-0.7,-0.84,-0.56,22%,3.01,8%,12%,30%,44.6,-0.04,-0.13,0.05,40%,4.07,17%,28%,47%,Below average,135294;136201;136479;137200;138757;138783;139060;141166;141391;141874;144739,11,3,7,1,0,0,1410,31%,69%
202324,Academic year,Multi-academy trust,The De Ferrers Trust,15884,TR00635,7442789,10058411,West Midlands,136414;144069;144533,3,3,0,0,0,0,3,0,0,3,825,103.3,26%,74%,11%,17%,44.8,97%,0.04,-0.06,0.14,47%,3.88,11%,15%,19%,33.8,-0.56,-0.75,-0.37,27%,2.89,5%,8%,12%,48.7,0.25,0.13,0.36,55%,4.22,13%,17%,21%,Average,136414;144069;144533,3,3,0,0,0,0,825,26%,74%
202324,Academic year,Multi-academy trust,The Dean Trust,2864,TR00637,8027943,10055366,North West,138123;138124;140412;141884;144519;146797,6,2,4,0,0,0,6,0,0,6,1108,103.5,42%,58%,20%,20%,41.9,93%,-0.36,-0.45,-0.28,36%,3.84,15%,25%,64%,34.2,-0.76,-0.89,-0.63,22%,3.08,7%,14%,55%,47.4,-0.06,-0.17,0.06,46%,4.39,20%,33%,70%,Below average,138123;138124;140412;141884;144519;146797;150009,7,3,4,0,0,0,1373,44%,56%
202324,Academic year,Multi-academy trust,The Diocese Of Westminster Academy Trust,2928,TR00665,7944160,10059577,East of England,137895;137922;137925;137938;137994;137995,6,6,0,0,0,0,6,0,0,6,1178,105.6,16%,84%,45%,12%,55.1,91%,0.71,0.62,0.79,58%,5.04,32%,44%,67%,46.5,0.37,0.15,0.59,40%,4.21,20%,29%,63%,56.8,0.76,0.67,0.86,62%,5.2,35%,46%,67%,Well above average,137895;137922;137925;137938;137994;137995,6,6,0,0,0,0,1178,16%,84%
202324,Academic year,Multi-academy trust,Diverse Academies Trust,2936,TR00669,7664012,10058867,East Midlands,136624;137117;137319;138964;139956;144486,6,3,3,0,0,0,6,0,0,6,1182,103.3,25%,75%,9%,19%,40,95%,-0.44,-0.52,-0.36,30%,3.44,9%,13%,25%,32.2,-0.79,-0.95,-0.63,17%,2.72,7%,10%,20%,42.6,-0.32,-0.42,-0.22,35%,3.69,10%,15%,27%,Below average,136624;137117;137319;138964;139956;144486,6,3,3,0,0,0,1182,25%,75%
202324,Academic year,Multi-academy trust,Dixons Academies Trust,2939,TR00671,2303464,10058150,Yorkshire and the Humber,130909;135866;137277;138251;141002;144743;146198;146363;148655,9,0,5,4,0,0,9,1,0,8,1421,103.9,38%,62%,27%,17%,46.5,93%,0.11,0.03,0.19,46%,4.29,22%,34%,79%,40.1,-0.18,-0.31,-0.06,35%,3.67,17%,27%,71%,50.3,0.28,0.18,0.38,52%,4.65,25%,39%,83%,Above average,130909;135866;137277;138251;141002;144743;146198;146363;148655;148792;148965;149530,12,0,8,4,0,0,1867,43%,57%
202324,Academic year,Multi-academy trust,E-Act,2974,TR00699,6526376,10058234,South West,135907;135911;135934;135973;136032;136115;137706;137954;138073;138235;138374;146316;146518,13,0,13,0,0,0,13,0,0,13,2361,101.8,47%,53%,36%,16%,39.2,90%,-0.22,-0.28,-0.16,34%,3.37,9%,14%,26%,34.9,-0.45,-0.53,-0.36,27%,2.96,6%,11%,23%,42.9,-0.02,-0.1,0.06,40%,3.72,12%,17%,29%,Below average,135907;135911;135934;135973;136032;136115;137706;137954;138073;138235;138374;146316;146518,13,0,13,0,0,0,2361,47%,53%
202324,Academic year,Multi-academy trust,Stour Vale Academy Trust,16572,TR00704,7865663,10059465,West Midlands,137701;137812;139872;141712,4,4,0,0,0,0,4,1,0,3,890,103.8,30%,70%,19%,14%,46.3,93%,0.04,-0.05,0.14,48%,4.14,21%,32%,47%,37.8,-0.32,-0.5,-0.14,27%,3.3,11%,20%,36%,49.5,0.17,0.06,0.29,55%,4.46,25%,37%,51%,Average,137701;137812;139872;141712,4,4,0,0,0,0,890,30%,70%
202324,Academic year,Multi-academy trust,Penrose Learning Trust,16707,TR00707,7682993,10058940,East of England,136195;136918;137218;144214,4,3,1,0,0,0,4,0,0,4,684,103.9,24%,76%,5%,18%,42.7,94%,-0.28,-0.39,-0.17,35%,3.69,11%,15%,23%,35.2,-0.82,-1.05,-0.6,20%,3.02,7%,11%,17%,45,-0.12,-0.24,0.01,40%,3.9,12%,17%,24%,Below average,136195;136918;137218;144214,4,3,1,0,0,0,684,24%,76%
202324,Academic year,Multi-academy trust,Education For The 21st Century,3015,TR00727,7559170,10058616,London,135305;136464;136540;144465,4,2,1,1,0,0,4,0,0,4,810,105.3,25%,75%,11%,18%,43.6,95%,-0.43,-0.53,-0.33,44%,3.89,16%,23%,41%,32.2,-1.12,-1.31,-0.92,20%,2.79,4%,9%,28%,47.4,-0.2,-0.31,-0.08,52%,4.26,20%,28%,45%,Below average,135305;136464;136540;144465,4,2,1,1,0,0,810,25%,75%
202324,Academic year,Multi-academy trust,Excalibur Academies Trust,3065,TR00761,8146633,10059937,South West,138623;141705;142121;142822,4,2,1,1,0,0,4,0,0,4,737,104.2,23%,77%,19%,19%,47.7,91%,0.11,0,0.21,46%,4.26,22%,30%,43%,37.9,-0.17,-0.39,0.05,26%,3.16,7%,12%,26%,50.7,0.19,0.07,0.31,52%,4.6,26%,36%,48%,Average,138623;138855;141705;142121;142822;145398,6,3,2,1,0,0,1183,20%,80%
202324,Academic year,Multi-academy trust,Fairfax Multi Academy Trust,3076,TR00767,7661164,10058852,West Midlands,136908;141318;143413;143895,4,1,3,0,0,0,4,0,0,4,705,103.3,45%,55%,16%,17%,40,91%,-0.49,-0.6,-0.38,32%,3.5,9%,13%,21%,31.1,-0.88,-1.05,-0.72,16%,2.69,5%,7%,16%,47.2,-0.17,-0.32,-0.02,46%,4.15,12%,18%,26%,Below average,136908;141318;143413;143895,4,1,3,0,0,0,705,45%,55%
202324,Academic year,Multi-academy trust,The Fallibroome Trust,3080,TR00770,7346144,10058338,North West,136184;136278;138662,3,2,1,0,0,0,3,0,0,3,603,104.2,23%,77%,3%,13%,44.4,98%,-0.17,-0.28,-0.05,39%,3.82,13%,18%,31%,28.3,-1.16,-1.39,-0.92,10%,2.31,1%,4%,15%,49.1,0.13,0,0.26,48%,4.26,17%,22%,35%,Below average,136184;136278;138662,3,2,1,0,0,0,603,23%,77%
202324,Academic year,Multi-academy trust,East Anglian Schools Trust Ltd,17335,TR00774,7667407,10058884,East of England,136834;136969;136998,3,3,0,0,0,0,3,0,0,3,764,104.9,16%,84%,3%,13%,47.7,97%,0.02,-0.08,0.13,46%,4.02,10%,13%,16%,33.8,-0.62,-0.88,-0.36,18%,2.85,2%,5%,8%,50.3,0.14,0.03,0.25,51%,4.23,11%,14%,17%,Average,136834;136969;136998,3,3,0,0,0,0,764,16%,84%
202324,Academic year,Multi-academy trust,Finham Park Multi-Academy Trust,15766,TR00790,7700317,10059110,West Midlands,136963;141939;142960;148429,4,3,0,1,0,0,4,1,0,3,687,104.3,25%,75%,26%,21%,43.1,90%,-0.2,-0.31,-0.09,40%,3.85,16%,24%,46%,29.6,-1.02,-1.25,-0.79,17%,2.51,5%,6%,20%,47.2,0.04,-0.09,0.17,47%,4.26,19%,29%,54%,Below average,136963;141939;142960;148429,4,3,0,1,0,0,687,25%,75%
202324,Academic year,Multi-academy trust,Beyond Schools Trust,3123,TR00810,7401701,10058382,South East,136337;137376;138511,3,2,1,0,0,0,3,0,0,3,502,103.9,29%,71%,15%,17%,45.1,96%,-0.05,-0.17,0.08,38%,4.05,23%,31%,43%,31.4,-0.74,-0.97,-0.5,14%,2.74,8%,12%,24%,50.7,0.24,0.09,0.39,48%,4.58,29%,39%,51%,Average,136337;137376;138511,3,2,1,0,0,0,502,29%,71%
202324,Academic year,Multi-academy trust,Future Academies,3152,TR00834,6543442,10043978,London,135676;135876;140966;143129;144623;146440;147785,7,0,6,1,0,0,7,1,2,4,1044,102.9,35%,65%,26%,18%,44.5,91%,0.05,-0.04,0.14,43%,4.15,21%,32%,60%,39.2,-0.26,-0.41,-0.11,33%,3.61,13%,23%,54%,47.3,0.23,0.11,0.34,49%,4.43,25%,38%,64%,Average,135676;135876;140966;143129;144623;146440;147785,7,0,6,1,0,0,1044,35%,65%
202324,Academic year,Multi-academy trust,Fylde Coast Academy Trust,3155,TR00836,8364709,10060294,North West,137342;137973;139675;141132;145863,5,2,2,1,0,0,5,0,0,5,813,104.1,44%,56%,4%,18%,35,96%,-1.04,-1.14,-0.94,25%,2.95,3%,7%,18%,27.8,-1.55,-1.7,-1.4,14%,2.33,1%,3%,11%,40.7,-0.64,-0.77,-0.5,35%,3.44,6%,10%,23%,Well below average,137342;137973;139675;141132;145863,5,2,2,1,0,0,813,44%,56%
202324,Academic year,Multi-academy trust,Glf Schools,3190,TR00860,7551959,10053217,South East,136534;137735;137736;140653;143808;143846;145898,7,4,2,1,0,0,7,0,0,7,1211,104.9,20%,80%,8%,20%,49,94%,0.08,0,0.16,52%,4.44,25%,33%,46%,32.5,-0.82,-1,-0.64,23%,2.83,8%,12%,26%,53.2,0.32,0.22,0.41,59%,4.84,29%,38%,50%,Average,136534;137735;137736;140653;143808;143846;145898,7,4,2,1,0,0,1211,20%,80%
202324,Academic year,Multi-academy trust,Lighthouse Schools Partnership,16340,TR00876,7662102,10058855,South West,136722;136856;145482,3,3,0,0,0,0,3,0,0,3,835,105.9,11%,89%,6%,15%,49.8,96%,0.03,-0.06,0.13,52%,4.58,28%,40%,62%,38.3,-0.44,-0.75,-0.13,28%,3.48,10%,18%,44%,51.2,0.09,-0.02,0.19,55%,4.72,30%,42%,64%,Average,136722;136856;137000;145482,4,4,0,0,0,0,1095,11%,89%
202324,Academic year,Multi-academy trust,The Gorse Academies Trust,3206,TR00878,7465701,10055363,Yorkshire and the Humber,136392;137577;140565;142056;146217;148793,6,2,3,1,0,0,6,1,0,5,1455,103.5,30%,70%,19%,11%,50,93%,0.5,0.42,0.57,52%,4.65,31%,48%,78%,38.5,-0.05,-0.19,0.08,32%,3.53,17%,30%,61%,54.7,0.73,0.64,0.82,61%,5.12,37%,56%,86%,Well above average,136392;137577;140565;142056;146217;148793,6,2,3,1,0,0,1455,30%,70%
202324,Academic year,Multi-academy trust,The Gosforth Federated Academies Limited,3209,TR00881,7431423,10058404,North East,136352;144279;146752,3,1,2,0,0,0,3,0,0,3,809,105.5,27%,73%,16%,13%,52.4,97%,0.37,0.27,0.47,58%,4.92,35%,49%,69%,42.2,-0.1,-0.29,0.09,35%,3.86,20%,29%,50%,56.1,0.54,0.42,0.65,66%,5.3,41%,56%,76%,Above average,136352;144279;146752,3,1,2,0,0,0,809,27%,73%
202324,Academic year,Multi-academy trust,The Great Schools Trust,15758,TR00892,7641004,10058757,North West,137675;138260;138562;147077,4,0,1,3,0,0,4,0,0,4,544,103.7,40%,60%,27%,15%,44,85%,-0.02,-0.15,0.1,43%,4.1,20%,34%,76%,34.8,-0.45,-0.65,-0.24,26%,3.18,8%,18%,60%,50.2,0.24,0.08,0.41,55%,4.72,28%,45%,86%,Average,137675;138260;138562;147077,4,0,1,3,0,0,544,40%,60%
202324,Academic year,Multi-academy trust,Great Academies Education Trust,3225,TR00893,6237630,10058215,North West,135508;139294;143319,3,2,1,0,0,0,3,0,0,3,640,103.1,38%,62%,17%,19%,37.9,94%,-0.57,-0.69,-0.46,29%,3.35,10%,17%,43%,30.8,-0.9,-1.09,-0.72,18%,2.67,4%,10%,31%,42.2,-0.37,-0.52,-0.23,35%,3.77,15%,21%,50%,Well below average,135508;139294;143319,3,2,1,0,0,0,640,38%,62%
202324,Academic year,Multi-academy trust,Southport Learning Trust,16810,TR00908,7790934,10059329,North West,137520;137604;144618,3,2,1,0,0,0,3,1,0,2,558,105.2,22%,78%,5%,15%,43.8,97%,-0.41,-0.52,-0.29,40%,3.99,17%,31%,70%,33.1,-1.15,-1.4,-0.9,20%,2.93,6%,13%,50%,46.8,-0.2,-0.34,-0.07,45%,4.28,21%,36%,76%,Below average,137297;137520;137604;144618;149828,5,4,1,0,0,0,907,23%,77%
202324,Academic year,Multi-academy trust,Greenshaw Learning Trust,5452,TR00911,7633694,10058734,South West,136626;136800;142040;142577;144013;144760;145135;145480;147219;147300;147935;148036,12,4,7,0,1,0,12,2,2,8,1994,103.5,31%,69%,19%,19%,47.1,93%,0.21,0.15,0.27,48%,4.16,17%,23%,32%,38.4,-0.26,-0.38,-0.15,33%,3.34,8%,13%,23%,51.1,0.43,0.35,0.51,56%,4.54,21%,27%,36%,Above average,136626;136800;142040;142577;144013;144760;145135;145480;147219;147300;147935;148036;149435,13,5,7,0,1,0,2170,30%,70%
202324,Academic year,Multi-academy trust,Greenwood Academies Trust,3252,TR00914,6864339,10058259,East Midlands,135881;136217;136948;137184;137880;139082;139957;147456,8,0,7,1,0,0,8,0,1,7,1617,101.5,41%,59%,33%,15%,40.3,90%,-0.09,-0.16,-0.02,34%,3.41,7%,11%,18%,33.2,-0.47,-0.58,-0.35,21%,2.76,3%,7%,13%,45.1,0.19,0.09,0.29,42%,3.86,9%,13%,21%,Below average,135881;136217;136948;137184;137763;137880;139082;139957;147456,9,1,7,1,0,0,1880,39%,61%
202324,Academic year,Multi-academy trust,"Every Child, Every Day Academy Trust",16253,TR00919,8185432,10060043,London,137678;138825;148407,3,3,0,0,0,0,3,1,0,2,545,106,18%,82%,19%,24%,56.4,93%,0.53,0.41,0.66,68%,5.23,37%,50%,67%,41.2,-0.21,-0.5,0.08,36%,3.66,13%,29%,46%,59.6,0.69,0.56,0.83,75%,5.56,42%,55%,71%,Well above average,137678;138825;148407,3,3,0,0,0,0,545,18%,82%
202324,Academic year,Multi-academy trust,Learning Partners Academy Trust,17054,TR00926,8303773,10060193,South East,136906;137003;139193;141200,4,3,1,0,0,0,4,3,0,1,802,106.9,10%,90%,14%,21%,56,93%,0.38,0.28,0.49,67%,5.14,29%,38%,60%,36.9,-0.59,-0.91,-0.27,29%,3.32,7%,14%,35%,58.1,0.49,0.39,0.6,71%,5.34,31%,41%,63%,Above average,136906;137003;139193;141200,4,3,1,0,0,0,802,10%,90%
202324,Academic year,Multi-academy trust,Haberdashers' Aske's Federation Trust,3279,TR00933,2535091,10058159,London,135070;135073;135951;147073,4,0,3,1,0,0,4,0,0,4,751,105.2,38%,62%,16%,19%,47.8,94%,-0.01,-0.12,0.09,48%,4.39,21%,31%,59%,42.2,-0.26,-0.43,-0.09,34%,3.85,16%,24%,54%,51.3,0.14,0.01,0.28,56%,4.72,24%,36%,61%,Average,135070;135073;135951;147073,4,0,3,1,0,0,751,38%,62%
202324,Academic year,Multi-academy trust,Impact Education Multi Academy Trust,16681,TR00943,8529006,10060453,Yorkshire and the Humber,140326;146367;147888,3,2,1,0,0,0,3,1,0,2,484,102.2,36%,64%,57%,14%,41.3,95%,-0.08,-0.21,0.05,35%,3.62,13%,21%,41%,38.6,-0.11,-0.32,0.11,29%,3.34,9%,14%,36%,42.8,-0.07,-0.23,0.09,38%,3.77,14%,25%,44%,Average,140326;146367;147888,3,2,1,0,0,0,484,36%,64%
202324,Academic year,Multi-academy trust,Empower Learning Academy Trust,16251,TR00946,7702119,10059123,London,136576;137197;139307,3,3,0,0,0,0,3,0,0,3,539,104.5,26%,74%,15%,19%,45.6,93%,-0.13,-0.25,0,47%,4.14,17%,28%,60%,35.9,-0.67,-0.91,-0.43,28%,3.14,5%,12%,38%,49,0.07,-0.07,0.21,54%,4.49,21%,34%,68%,Average,136576;137197;139307,3,3,0,0,0,0,539,26%,74%
202324,Academic year,Multi-academy trust,Harris Federation,3320,TR00968,6228587,10055126,London,131747;131897;132711;134225;135249;135311;135677;135816;135955;137121;137379;137549;138449;138495;139703;140935;140952;140985;143427;143428;143706;144750;145126;145140;145860;147537,26,3,18,5,0,0,26,0,0,26,4733,104.5,36%,64%,32%,14%,51.3,94%,0.48,0.43,0.52,55%,4.8,29%,44%,72%,45,0.16,0.09,0.23,41%,4.15,19%,32%,64%,54.9,0.66,0.61,0.71,63%,5.18,35%,50%,77%,Above average,131747;131897;132711;134225;134226;135249;135311;135677;135816;135955;137121;137379;137549;138449;138495;139703;140935;140952;140985;143427;143428;143706;144750;145126;145140;145860;147537;149431;150055,29,4,19,6,0,0,5125,37%,63%
202324,Academic year,Multi-academy trust,Red Kite Learning Trust,15727,TR00969,7523507,10054307,Yorkshire and the Humber,136497;138304;141883;146247,4,2,1,1,0,0,4,0,0,4,846,104.4,24%,76%,8%,17%,46.4,95%,-0.02,-0.11,0.08,47%,4.21,21%,31%,42%,28.2,-0.84,-1.04,-0.64,18%,2.52,5%,12%,22%,52.2,0.25,0.14,0.37,56%,4.76,26%,37%,48%,Average,136497;136896;138304;141883;146247,5,3,1,1,0,0,1073,24%,76%
202324,Academic year,Multi-academy trust,University Of Brighton Academies Trust,3339,TR00985,7185046,10032385,South East,136400;136401;142089,3,0,3,0,0,0,3,0,0,3,685,103.4,31%,69%,7%,13%,34.6,95%,-0.98,-1.09,-0.87,29%,2.88,5%,9%,16%,25.2,-1.53,-1.73,-1.34,14%,2.08,1%,3%,12%,38.8,-0.74,-0.87,-0.6,36%,3.24,7%,12%,18%,Well below average,136400;136401;142089,3,0,3,0,0,0,685,31%,69%
202324,Academic year,Multi-academy trust,The Four Stones Multi Academy Trust,17145,TR00994,7652306,10058796,West Midlands,136898;138032;148338,3,2,1,0,0,0,3,1,0,2,491,104,24%,76%,10%,15%,47.3,94%,0.05,-0.08,0.18,49%,4.33,26%,36%,70%,35.1,-0.41,-0.67,-0.15,22%,3.09,8%,14%,54%,51.1,0.2,0.05,0.34,58%,4.71,31%,43%,76%,Average,136898;138032;148338,3,2,1,0,0,0,491,24%,76%
202324,Academic year,Multi-academy trust,The Heath Family (North West),3372,TR01015,7614421,10058706,North West,136779;141694;142798,3,2,1,0,0,0,3,0,0,3,547,103.5,42%,58%,4%,19%,38.2,98%,-0.62,-0.74,-0.5,27%,3.24,8%,12%,23%,30.3,-1,-1.19,-0.82,16%,2.48,4%,7%,16%,44,-0.35,-0.51,-0.19,34%,3.78,10%,15%,29%,Well below average,136779;141694;142798,3,2,1,0,0,0,547,42%,58%
202324,Academic year,Multi-academy trust,The Wensum Trust,16054,TR01023,7982312,10059670,East of England,138039;138758;145089,3,3,0,0,0,0,3,0,0,3,470,103.6,27%,73%,8%,11%,41.1,97%,-0.35,-0.48,-0.22,37%,3.66,11%,16%,40%,30.5,-0.95,-1.2,-0.7,18%,2.61,2%,5%,26%,45,-0.13,-0.28,0.02,44%,4.04,14%,20%,45%,Below average,138039;138758;145089,3,3,0,0,0,0,470,27%,73%
202324,Academic year,Multi-academy trust,The Consortium Academy Trust,3403,TR01041,7665828,10058879,Yorkshire and the Humber,136921;137306;139629;144561;145722;146129,6,5,1,0,0,0,6,0,0,6,1188,104.9,26%,74%,3%,14%,42,98%,-0.54,-0.63,-0.46,37%,3.71,12%,19%,36%,31,-1.23,-1.39,-1.07,17%,2.69,3%,7%,20%,45.9,-0.3,-0.39,-0.21,43%,4.08,15%,23%,41%,Well below average,136921;137306;139629;144561;145722;146129,6,5,1,0,0,0,1188,26%,74%
202324,Academic year,Multi-academy trust,The Howard Partnership Trust,3493,TR01121,7597068,10058685,South East,136832;136833;142315;144503,4,4,0,0,0,0,4,0,0,4,961,106,15%,85%,10%,12%,47.8,94%,-0.26,-0.35,-0.16,50%,4.23,18%,26%,35%,29.7,-1.31,-1.55,-1.06,19%,2.48,3%,6%,10%,50.8,-0.08,-0.18,0.02,56%,4.53,21%,30%,39%,Below average,136832;136833;142315;144503,4,4,0,0,0,0,961,15%,85%
202324,Academic year,Multi-academy trust,The Education Alliance,3511,TR01133,7542211,10058551,Yorkshire and the Humber,136667;140866;142150;143854,4,3,1,0,0,0,4,0,0,4,1116,104.6,15%,85%,5%,12%,46.4,97%,-0.05,-0.13,0.04,45%,4.2,19%,28%,53%,34.4,-0.72,-0.94,-0.5,23%,3.02,6%,10%,38%,48.4,0.07,-0.02,0.16,48%,4.4,21%,31%,56%,Average,136667;140866;142150;143854,4,3,1,0,0,0,1116,15%,85%
202324,Academic year,Multi-academy trust,Eastern Learning Alliance,16402,TR01146,7899393,10059505,East of England,136887;137547;137826;145196,4,3,1,0,0,0,4,0,2,2,775,105.3,19%,81%,10%,16%,53.2,96%,0.45,0.35,0.55,56%,4.97,35%,44%,54%,35.3,-0.49,-0.73,-0.26,22%,3.09,7%,13%,24%,57.2,0.66,0.54,0.77,64%,5.38,41%,51%,61%,Above average,136887;137547;137826;145196;150263,5,3,2,0,0,0,876,19%,81%
202324,Academic year,Multi-academy trust,Wade Deacon Trust,3528,TR01148,8278808,10060154,North West,139368;139614;141693;144617,4,2,2,0,0,0,4,0,0,4,777,103,42%,58%,6%,16%,41.1,96%,-0.27,-0.37,-0.17,34%,3.6,13%,21%,44%,32.1,-0.73,-0.89,-0.57,18%,2.73,4%,9%,33%,47.5,0.07,-0.07,0.2,45%,4.22,19%,29%,52%,Below average,139368;139614;141693;144617,4,2,2,0,0,0,777,42%,58%
202324,Academic year,Multi-academy trust,Inspiration Trust,3531,TR01149,8179349,10060032,East of England,136204;137134;137431;137949;140188;140815;142059;142883;148826,9,2,5,2,0,0,9,1,1,7,1374,102.7,29%,71%,20%,13%,45.7,94%,0.24,0.16,0.31,50%,4.22,23%,32%,51%,36.8,-0.28,-0.43,-0.14,35%,3.3,11%,16%,34%,49.6,0.46,0.37,0.55,57%,4.62,28%,38%,59%,Above average,136204;137134;137431;137949;140188;140815;142059;142883;148826,9,2,5,2,0,0,1374,29%,71%
202324,Academic year,Multi-academy trust,Westcountry Schools Trust,3547,TR01159,7398467,10057945,South West,136336;136557;136558;136568;136569;140104;143649,7,7,0,0,0,0,7,1,1,5,1523,104.6,18%,82%,5%,18%,47.9,97%,0.07,0,0.15,50%,4.26,18%,25%,33%,36.6,-0.46,-0.63,-0.29,26%,3.18,8%,12%,21%,50.3,0.19,0.11,0.27,55%,4.49,20%,27%,36%,Average,136336;136557;136558;136568;136569;140104;143649,7,7,0,0,0,0,1523,18%,82%
202324,Academic year,Multi-academy trust,John Taylor Mat,5690,TR01177,7421140,10057362,West Midlands,136323;142313;145889;147574,4,3,0,1,0,0,4,0,1,3,817,105.3,16%,84%,10%,12%,49.1,98%,0.07,-0.02,0.17,47%,4.38,19%,27%,49%,39,-0.3,-0.55,-0.06,23%,3.37,7%,9%,37%,51,0.14,0.04,0.25,52%,4.57,21%,30%,51%,Average,136323;142313;143899;145889;147574;149376,6,5,0,1,0,0,1247,16%,84%
202324,Academic year,Multi-academy trust,The Kemnal Academies Trust,3586,TR01192,7348231,10058343,South East,136156;136281;136304;136342;136456;136555;136720;137072;137096;138437;138620;138686;140105;140605,14,10,4,0,0,0,14,0,0,14,2308,102.9,29%,71%,10%,19%,38.7,94%,-0.44,-0.5,-0.39,29%,3.28,6%,12%,21%,29.8,-0.97,-1.08,-0.86,15%,2.46,2%,6%,15%,42.4,-0.22,-0.29,-0.15,35%,3.62,8%,14%,24%,Below average,136156;136281;136304;136342;136456;136555;136720;137072;137096;138437;138620;138686;140105;140605,14,10,4,0,0,0,2308,29%,71%
202324,Academic year,Multi-academy trust,Kent Catholic Schools' Partnership,3594,TR01197,8176019,10060024,South East,140537;140640;140874;141217;141628,5,4,1,0,0,0,5,0,0,5,871,102.8,21%,79%,14%,23%,43.4,94%,0.03,-0.07,0.12,36%,3.73,9%,17%,29%,33.6,-0.56,-0.77,-0.35,18%,2.84,3%,10%,21%,46,0.18,0.08,0.29,41%,3.97,11%,19%,31%,Average,140537;140640;140874;141217;141628,5,4,1,0,0,0,871,21%,79%
202324,Academic year,Multi-academy trust,Education South West,3643,TR01237,7451553,10058417,South West,136200;136367;136494;137176;141749,5,3,1,0,0,1,5,1,0,4,568,104.9,22%,78%,2%,30%,44.1,97%,-0.38,-0.49,-0.26,41%,3.96,13%,25%,58%,32.6,-1.01,-1.26,-0.76,23%,2.81,4%,10%,32%,47.1,-0.21,-0.34,-0.07,46%,4.26,15%,29%,64%,Below average,136200;136367;136494;137176;141749;149247,6,4,1,0,0,1,709,24%,76%
202324,Academic year,Multi-academy trust,Zenith Multi Academy Trust,16575,TR01255,7559293,10058621,East of England,136577;138865;147031,3,2,1,0,0,0,3,0,0,3,718,104.3,22%,78%,3%,15%,44.3,99%,-0.18,-0.29,-0.08,40%,3.86,17%,29%,44%,33.1,-0.75,-0.97,-0.53,17%,2.76,7%,13%,27%,47.4,-0.02,-0.14,0.1,46%,4.18,20%,33%,49%,Below average,136577;138865;147031,3,2,1,0,0,0,718,22%,78%
202324,Academic year,Multi-academy trust,L.e.a.d. Academy Trust,3670,TR01262,8296921,10060187,East Midlands,143853;143963;144066,3,1,2,0,0,0,3,0,0,3,478,101.9,44%,56%,10%,20%,35.7,95%,-0.55,-0.68,-0.42,28%,3.07,5%,8%,21%,29.4,-0.87,-1.07,-0.68,17%,2.47,2%,4%,17%,40.7,-0.28,-0.46,-0.11,36%,3.54,7%,12%,24%,Well below average,143853;143963;144066,3,1,2,0,0,0,478,44%,56%
202324,Academic year,Multi-academy trust,The Laidlaw Schools Trust,3677,TR01268,5735093,10058196,North East,135423;145477;147670,3,1,2,0,0,0,3,0,1,2,513,101.6,52%,48%,22%,19%,36.9,97%,-0.48,-0.61,-0.36,26%,3.23,10%,17%,39%,28.3,-0.93,-1.11,-0.76,14%,2.42,4%,9%,28%,47,0.04,-0.14,0.22,40%,4.18,17%,28%,53%,Below average,135423;145477;147670,3,1,2,0,0,0,513,52%,48%
202324,Academic year,Multi-academy trust,Landau Forte Charitable Trust,3684,TR01273,2387916,10058153,East Midlands,135120;136136;137146,3,0,3,0,0,0,3,0,0,3,543,104.4,29%,71%,12%,13%,46.4,96%,-0.02,-0.14,0.1,42%,4.16,19%,30%,51%,38.2,-0.43,-0.66,-0.21,26%,3.37,12%,22%,41%,49.7,0.15,0,0.29,49%,4.48,22%,33%,55%,Average,135120;136136;137146,3,0,3,0,0,0,543,29%,71%
202324,Academic year,Multi-academy trust,Athena Learning Trust,16055,TR01285,8150106,10059947,South West,139155;142540;146567,3,1,1,1,0,0,3,0,0,3,528,102.6,26%,74%,2%,21%,43.4,96%,-0.04,-0.16,0.09,45%,4.07,20%,30%,57%,32.4,-0.56,-0.79,-0.32,26%,2.96,7%,12%,40%,47.3,0.15,0.01,0.3,51%,4.46,24%,36%,63%,Average,136614;139155;142540;146567,4,2,1,1,0,0,631,26%,74%
202324,Academic year,Multi-academy trust,Leigh Academies Trust,3725,TR01302,2336587,10058151,South East,135297;135630;135964;136205;136349;136662;136847;137119;137581;140987;141309;145315;145895,13,4,7,1,0,1,13,2,0,11,2421,104.1,23%,77%,13%,17%,46.2,94%,0.01,-0.05,0.07,45%,4.2,19%,28%,55%,37.5,-0.41,-0.54,-0.29,28%,3.34,8%,15%,44%,48.7,0.14,0.07,0.2,50%,4.45,22%,32%,59%,Average,135297;135630;135964;136205;136349;136662;136847;137119;137581;140987;141309;145315;145895;149898,14,4,8,1,0,1,2687,24%,76%
202324,Academic year,Multi-academy trust,Loxford School Trust Limited,3797,TR01354,8743560,10060647,London,136663;139179;140475;141178;144095;147185,6,3,3,0,0,0,6,0,0,6,1009,103.5,31%,69%,38%,26%,46.5,95%,0.19,0.1,0.28,47%,4.16,21%,32%,58%,37.2,-0.31,-0.47,-0.15,31%,3.25,12%,18%,45%,50.7,0.42,0.31,0.53,55%,4.57,25%,38%,64%,Above average,136663;139179;140475;141178;144095;147185,6,3,3,0,0,0,1009,31%,69%
202324,Academic year,Multi-academy trust,Maiden Erlegh Trust,15762,TR01378,7548754,10058569,South East,136637;141886;146103,3,1,1,1,0,0,3,0,0,3,521,105.2,16%,84%,33%,22%,52.1,91%,0.33,0.2,0.45,59%,4.79,32%,41%,65%,33,-0.69,-1,-0.39,27%,2.89,9%,13%,32%,55.8,0.54,0.4,0.69,65%,5.16,36%,46%,72%,Above average,136637;141886;146103,3,1,1,1,0,0,521,16%,84%
202324,Academic year,Multi-academy trust,The Athelstan Trust,5494,TR01381,7699625,10059106,South West,136985;137308;138421;142316;148295,5,4,1,0,0,0,5,1,1,3,788,103.9,16%,84%,7%,19%,46.2,93%,0.04,-0.06,0.15,45%,4.08,16%,22%,33%,32.9,-0.49,-0.74,-0.24,19%,2.82,5%,8%,17%,48.7,0.15,0.03,0.26,50%,4.33,18%,24%,36%,Average,136985;137308;138421;142316;148295,5,4,1,0,0,0,788,16%,84%
202324,Academic year,Multi-academy trust,Maltby Learning Trust,3834,TR01382,7033915,10058279,Yorkshire and the Humber,136042;144364;145848,3,1,2,0,0,0,3,0,0,3,683,104.9,27%,73%,5%,16%,47.4,98%,-0.01,-0.11,0.1,46%,3.95,8%,11%,14%,37,-0.48,-0.69,-0.27,24%,2.99,3%,3%,7%,51.2,0.17,0.04,0.29,53%,4.3,10%,14%,17%,Average,136042;144364;145848,3,1,2,0,0,0,683,27%,73%
202324,Academic year,Multi-academy trust,Marches Academy Trust,3855,TR01398,7680422,10058925,West Midlands,136979;141176;146580;147540,4,3,1,0,0,0,4,0,0,4,721,103.6,24%,76%,8%,11%,42.3,91%,-0.3,-0.41,-0.19,38%,3.75,13%,20%,38%,33.2,-0.68,-0.9,-0.47,21%,2.88,4%,8%,25%,45.2,-0.17,-0.29,-0.04,43%,4.03,16%,24%,42%,Below average,136979;140922;141176;146580;147540,5,4,1,0,0,0,935,22%,78%
202324,Academic year,Multi-academy trust,Acer Trust,15720,TR01414,9591931,10060976,South East,142104;143984;144008,3,3,0,0,0,0,3,0,0,3,591,104.5,13%,87%,10%,18%,46.3,95%,-0.02,-0.14,0.09,48%,4.15,19%,26%,36%,29.6,-1.27,-1.61,-0.93,17%,2.54,4%,5%,13%,48.8,0.15,0.02,0.27,52%,4.39,21%,29%,39%,Average,142104;143984;144008,3,3,0,0,0,0,591,13%,87%
202324,Academic year,Multi-academy trust,Hope Sentamu Learning Trust,5632,TR01418,7559537,10058624,Yorkshire and the Humber,135598;136544;143864;144929;146769;146819,6,2,4,0,0,0,6,1,0,5,1040,103.4,26%,74%,7%,9%,41.6,96%,-0.33,-0.41,-0.24,38%,3.65,9%,15%,28%,27.4,-1.14,-1.31,-0.97,14%,2.36,1%,5%,17%,46.2,-0.06,-0.16,0.04,45%,4.07,12%,18%,32%,Below average,135598;136544;143864;144929;146769;146819,6,2,4,0,0,0,1040,26%,74%
202324,Academic year,Multi-academy trust,The Midland Academies Trust,3908,TR01434,7191874,10058296,West Midlands,136158;137079;138327;138644,4,2,2,0,0,0,4,0,0,4,636,102.1,35%,65%,5%,19%,37.4,97%,-0.48,-0.59,-0.36,31%,3.17,8%,11%,17%,29.8,-0.82,-1.01,-0.63,21%,2.47,4%,5%,9%,41.4,-0.29,-0.43,-0.15,36%,3.54,11%,14%,22%,Below average,136158;137079;138327;138644,4,2,2,0,0,0,636,35%,65%
202324,Academic year,Multi-academy trust,Midsomer Norton Schools Partnership,3910,TR01435,7365778,10031575,South West,136311;136335;136966;137202;137548;142125;146972;147801;148830,9,8,0,0,1,0,9,2,1,6,1229,105,22%,78%,6%,18%,49.9,95%,0.21,0.12,0.29,52%,4.49,23%,34%,52%,38,-0.34,-0.51,-0.17,26%,3.25,4%,11%,30%,53.3,0.36,0.27,0.45,59%,4.84,28%,41%,58%,Above average,136311;136335;136894;136966;137202;137548;142125;146972;147801;148830,10,9,0,0,1,0,1427,21%,79%
202324,Academic year,Multi-academy trust,South Pennine Academies,3933,TR01454,7599308,10058690,Yorkshire and the Humber,137500;143115;144508,3,1,2,0,0,0,3,0,0,3,540,101.5,48%,52%,43%,15%,38.4,90%,-0.3,-0.42,-0.17,31%,3.26,5%,9%,27%,34.1,-0.53,-0.71,-0.35,20%,2.86,4%,7%,22%,42.4,-0.08,-0.26,0.09,41%,3.64,6%,11%,32%,Below average,137500;143115;144508,3,1,2,0,0,0,540,48%,52%
202324,Academic year,Multi-academy trust,Bridge Academy Trust,16858,TR01462,7663795,10058864,East of England,136863;137013;139248;141947,4,2,1,1,0,0,4,2,0,2,737,104.5,17%,83%,5%,7%,48.4,97%,0.15,0.05,0.25,48%,4.24,16%,23%,41%,34.3,-0.43,-0.68,-0.17,21%,2.91,6%,11%,29%,51.1,0.26,0.14,0.37,54%,4.49,18%,26%,43%,Above average,136863;137013;139248;141947,4,2,1,1,0,0,737,17%,83%
202324,Academic year,Multi-academy trust,Leading Edge Academies Partnership,17055,TR01470,7657923,10058841,South West,136873;140836;144638,3,1,2,0,0,0,3,0,0,3,315,103.9,19%,81%,1%,23%,41.7,98%,-0.36,-0.52,-0.2,34%,3.62,12%,18%,28%,SUPPMAT,SUPPMAT,SUPPMAT,SUPPMAT,SUPPMAT,SUPPMAT,SUPPMAT,SUPPMAT,SUPPMAT,SUPPMAT,SUPPMAT,SUPPMAT,SUPPMAT,SUPPMAT,SUPPMAT,SUPPMAT,SUPPMAT,SUPPMAT,Below average,136873;140836;144638,3,1,2,0,0,0,315,19%,81%
202324,Academic year,Multi-academy trust,Summit Learning Trust,4004,TR01509,7348167,10058342,West Midlands,136406;142075;142388,3,1,2,0,0,0,3,0,0,3,687,102.8,49%,51%,39%,18%,44.2,95%,0.05,-0.06,0.15,39%,3.9,15%,26%,59%,38.7,-0.28,-0.44,-0.13,26%,3.36,8%,17%,51%,49.5,0.37,0.21,0.52,52%,4.43,22%,34%,67%,Average,136406;142075;142388,3,1,2,0,0,0,687,49%,51%
202324,Academic year,Multi-academy trust,Girls' Learning Trust,15882,TR01513,7627961,10058720,London,136789;136795;136797,3,3,0,0,0,0,3,0,0,3,630,111.6,13%,87%,37%,6%,70.8,92%,0.79,0.67,0.9,85%,6.37,43%,45%,47%,57.6,0.37,0.07,0.68,63%,4.9,18%,19%,23%,72.9,0.85,0.73,0.98,89%,6.6,47%,49%,51%,Well above average,136789;136795;136797,3,3,0,0,0,0,630,13%,87%
202324,Academic year,Multi-academy trust,Northern Education Trust,4036,TR01527,7189647,10058295,North East,135878;136135;136146;139405;139673;140002;140979;141185;141686;147541;148135,11,0,11,0,0,0,11,0,1,10,2085,104,44%,56%,8%,15%,44.7,94%,-0.11,-0.18,-0.05,49%,4.07,21%,30%,43%,37.2,-0.5,-0.59,-0.4,35%,3.34,13%,20%,34%,50.6,0.19,0.11,0.28,59%,4.65,28%,37%,51%,Below average,135878;136135;136146;139405;139673;140002;140979;141185;141686;147541;148135;149235;150268,13,2,11,0,0,0,2332,44%,56%
202324,Academic year,Multi-academy trust,Northern Schools Trust,4041,TR01530,5067702,10058179,North West,131065;139588;139589,3,0,1,0,1,1,3,0,0,3,459,103.2,55%,45%,32%,22%,41.7,89%,-0.28,-0.42,-0.14,35%,3.38,4%,6%,14%,38.5,-0.36,-0.54,-0.17,28%,3.12,4%,6%,16%,45.6,-0.19,-0.39,0.02,43%,3.7,3%,5%,13%,Below average,131065;139588;139589,3,0,1,0,1,1,459,55%,45%
202324,Academic year,Multi-academy trust,Oasis Community Learning,4076,TR01553,5398529,10058190,London,134311;135176;135209;135628;135629;135654;135661;135663;135671;135721;135958;135968;136027;139659;139995;140209;140394;141082;141652;145723;146284,21,0,18,3,0,0,21,0,0,21,3499,102.7,45%,55%,28%,17%,39,92%,-0.46,-0.5,-0.41,32%,3.56,13%,21%,54%,32.6,-0.79,-0.86,-0.72,22%,2.95,8%,15%,46%,44.3,-0.17,-0.24,-0.1,41%,4.07,17%,27%,60%,Below average,134311;135176;135209;135628;135629;135654;135661;135663;135671;135721;135958;135968;136027;139659;139995;140209;140394;141082;141652;145723;146284,21,0,18,3,0,0,3499,45%,55%
202324,Academic year,Multi-academy trust,The Olympus Academy Trust,4095,TR01568,7844791,10059430,South West,137753;139067;145124;145502,4,2,2,0,0,0,4,0,0,4,839,104.3,18%,82%,14%,17%,45.6,93%,-0.1,-0.2,0,46%,3.83,9%,12%,18%,28.6,-0.97,-1.2,-0.74,14%,2.31,1%,2%,6%,49.3,0.11,0,0.22,53%,4.16,10%,15%,20%,Average,137753;139067;145124;145502,4,2,2,0,0,0,839,18%,82%
202324,Academic year,Multi-academy trust,Ormiston Academies Trust,4106,TR01577,6982127,10058272,West Midlands,135234;135769;135960;135979;135980;136145;136185;136186;136187;136680;137109;137152;137196;137673;137674;138506;139403;139918;140032;140199;140364;140845;140864;141169;141269;142186;145008;145134;145501;146063;147683;147796,32,5,26,1,0,0,32,0,2,30,5784,103.2,34%,66%,13%,18%,40.9,96%,-0.33,-0.37,-0.29,35%,3.47,7%,12%,25%,32.3,-0.77,-0.83,-0.7,19%,2.7,3%,6%,18%,45.4,-0.1,-0.15,-0.05,43%,3.88,10%,16%,29%,Below average,135234;135769;135960;135979;135980;136145;136185;136186;136187;136680;137109;137152;137196;137673;137674;138506;139403;139918;140032;140199;140364;140845;140864;141169;141269;142186;145008;145134;145501;146063;147683;147796,32,5,26,1,0,0,5784,34%,66%
202324,Academic year,Multi-academy trust,Outwood Grange Academies Trust,4119,TR01585,6995649,10058273,North East,135961;135963;136394;137004;137412;138247;138248;138711;139210;139211;139277;139823;140415;141377;141399;143146;143938;144976;145188;145937;145938;147544;148337,23,5,18,0,0,0,23,1,0,22,4368,103.3,33%,67%,11%,19%,42.3,95%,-0.22,-0.26,-0.17,43%,3.77,16%,23%,34%,32,-0.78,-0.86,-0.71,24%,2.78,6%,11%,23%,47.3,0.06,0.01,0.11,53%,4.25,20%,29%,40%,Below average,135961;135963;136394;137004;137412;138247;138248;138711;139210;139211;139277;139823;140415;141377;141399;143146;143938;144976;145188;145937;145938;147544;148337;148522;148526;149429,26,6,20,0,0,0,4791,33%,67%
202324,Academic year,Multi-academy trust,Core Education Trust,4145,TR01605,7949154,10059585,West Midlands,138059;141003;145580;148187,4,1,1,2,0,0,4,0,1,3,733,101.4,48%,52%,43%,15%,37.3,88%,-0.32,-0.43,-0.21,28%,3.28,6%,10%,26%,31.5,-0.61,-0.77,-0.45,17%,2.74,4%,9%,23%,42.4,-0.07,-0.22,0.08,38%,3.77,8%,12%,29%,Below average,138059;141003;145580;148187,4,1,1,2,0,0,733,48%,52%
202324,Academic year,Multi-academy trust,Advance Learning Partnership,16711,TR01611,7928558,10059549,North East,137903;144991;145564;147122;148109;148706,6,4,2,0,0,0,6,1,1,4,762,103.6,38%,62%,1%,18%,44.3,98%,-0.04,-0.14,0.06,34%,3.63,7%,12%,18%,38,-0.28,-0.45,-0.12,23%,3.05,5%,9%,15%,48.2,0.11,-0.02,0.24,41%,3.99,8%,14%,21%,Average,136838;137903;144991;145564;147122;148109;148706;149251;149962,9,7,2,0,0,0,1204,35%,65%
202324,Academic year,Multi-academy trust,Partnership Learning,5485,TR01615,8339345,10053276,London,139791;141683;142908;143144;143946;145106,6,3,1,2,0,0,6,0,0,6,1213,104,36%,64%,42%,10%,48.6,91%,0.34,0.25,0.42,48%,4.45,26%,37%,63%,42.6,-0.06,-0.2,0.08,33%,3.78,16%,25%,53%,52,0.56,0.46,0.67,56%,4.83,31%,44%,69%,Above average,139791;141683;142908;143144;143946;145106;148932,7,3,1,2,0,1,1229,36%,64%
202324,Academic year,Multi-academy trust,Cornwall Education Learning Trust,5479,TR01632,7565242,10055139,South West,136533;136573;145108;147442,4,2,2,0,0,0,4,0,2,2,891,103.4,23%,77%,3%,16%,46.6,98%,0.21,0.12,0.31,44%,4.14,17%,27%,49%,37.8,-0.12,-0.32,0.07,28%,3.33,11%,16%,39%,49.4,0.32,0.21,0.43,49%,4.39,19%,30%,53%,Above average,136383;136533;136573;145108;147442,5,3,2,0,0,0,1136,25%,75%
202324,Academic year,Multi-academy trust,The Futures Trust,15732,TR01671,8678162,10060589,West Midlands,140248;142339;145179;148417,4,3,1,0,0,0,4,1,0,3,746,102.8,33%,67%,29%,21%,46.1,92%,0.23,0.13,0.34,48%,4.07,13%,17%,25%,39.6,-0.01,-0.19,0.18,33%,3.44,8%,11%,19%,49.3,0.36,0.23,0.49,55%,4.38,15%,20%,28%,Above average,140248;142339;145179;148417,4,3,1,0,0,0,746,33%,67%
202324,Academic year,Multi-academy trust,The Priory Learning Trust,16417,TR01687,7698707,10059096,South West,137300;143137;146439,3,1,2,0,0,0,3,0,0,3,828,103.8,21%,79%,6%,11%,41.9,98%,-0.31,-0.41,-0.21,35%,3.51,6%,11%,20%,31.8,-0.82,-1.03,-0.61,16%,2.62,2%,5%,13%,44.6,-0.17,-0.28,-0.06,39%,3.76,7%,12%,22%,Below average,137300;143137;146439,3,1,2,0,0,0,828,21%,79%
202324,Academic year,Multi-academy trust,The Priory Federation Of Academies,4253,TR01688,6462935,10058228,East Midlands,135563;135564;135565;136194;138819;145052,6,1,5,0,0,0,6,0,0,6,985,103.1,25%,75%,11%,19%,43.4,97%,-0.04,-0.13,0.05,38%,3.88,17%,25%,44%,32,-0.6,-0.78,-0.42,17%,2.78,6%,10%,28%,47.3,0.15,0.05,0.26,44%,4.25,21%,30%,49%,Average,135563;135564;135565;136194;138819;145052,6,1,5,0,0,0,985,25%,75%
202324,Academic year,Multi-academy trust,The 3-18 Education Trust,4264,TR01697,8064698,10059785,West Midlands,138216;139769;143142;147508,4,3,1,0,0,0,4,1,1,2,612,105.2,17%,83%,3%,17%,45,94%,-0.28,-0.4,-0.17,38%,3.93,13%,23%,42%,31.3,-0.74,-1.02,-0.46,10%,2.64,3%,7%,31%,47.9,-0.19,-0.32,-0.07,44%,4.19,16%,26%,44%,Below average,138216;139143;139769;143142;147508,5,4,1,0,0,0,728,17%,83%
202324,Academic year,Multi-academy trust,Qegsmat,16650,TR01710,7698914,10059103,East Midlands,136972;145132;148639,3,2,1,0,0,0,3,1,0,2,714,104.6,26%,74%,16%,18%,43,94%,-0.27,-0.38,-0.16,40%,3.76,10%,13%,19%,29.3,-0.9,-1.12,-0.69,17%,2.46,2%,4%,8%,48,-0.05,-0.18,0.07,48%,4.24,13%,17%,23%,Below average,136972;145132;148639,3,2,1,0,0,0,714,26%,74%
202324,Academic year,Multi-academy trust,The Mercian Trust,16926,TR01715,7611347,10058703,West Midlands,136620;136773;136777;137974;139789,5,4,0,0,1,0,5,0,0,5,838,107.7,25%,75%,23%,12%,51.4,95%,-0.21,-0.31,-0.11,55%,4.76,34%,43%,52%,39.1,-0.7,-0.89,-0.5,34%,3.52,18%,24%,32%,55.5,-0.04,-0.16,0.07,62%,5.18,40%,49%,59%,Below average,135449;136620;136773;136777;137974;139789;141698;146383,8,4,3,0,1,0,1581,28%,72%
202324,Academic year,Multi-academy trust,Sfaet Ltd,16518,TR01762,7689980,10058976,London,137396;143877;146309,3,2,1,0,0,0,3,0,0,3,477,104.6,19%,81%,19%,17%,48.6,95%,0.18,0.05,0.31,52%,4.56,29%,43%,72%,35,-0.45,-0.75,-0.15,24%,3.14,6%,16%,49%,51.8,0.33,0.18,0.47,58%,4.88,35%,49%,78%,Above average,137396;143877;146309,3,2,1,0,0,0,477,19%,81%
202324,Academic year,Multi-academy trust,Redhill Academy Trust,4338,TR01767,7430317,10058403,East Midlands,136361;136548;137085;137112;138836;140992;141363;144182;144487;146099,10,3,7,0,0,0,10,0,1,9,1802,104.4,26%,74%,7%,13%,45.7,96%,-0.12,-0.19,-0.06,43%,4.15,19%,29%,51%,34.9,-0.64,-0.77,-0.51,22%,3.09,8%,14%,34%,49.6,0.06,-0.02,0.14,50%,4.53,23%,35%,58%,Below average,136361;136548;137085;137112;138836;140992;141363;144182;144487;146099,10,3,7,0,0,0,1802,26%,74%
202324,Academic year,Multi-academy trust,Synergy Multi Academy Trust,16163,TR01774,8198980,10060057,East of England,137621;138829;141395;146237,4,3,1,0,0,0,4,2,0,2,509,104.2,20%,80%,4%,13%,44.2,96%,-0.17,-0.3,-0.05,42%,3.96,15%,27%,45%,32.3,-0.67,-0.95,-0.39,14%,2.76,4%,6%,23%,47.1,-0.05,-0.19,0.09,48%,4.25,18%,32%,50%,Below average,137621;138829;141395;146237,4,3,1,0,0,0,509,20%,80%
202324,Academic year,Multi-academy trust,The Bay Learning Trust,16599,TR01795,7588464,10058677,North West,136731;145082;147115;147260,4,3,1,0,0,0,4,0,1,3,697,103.5,23%,77%,7%,18%,43.4,97%,-0.1,-0.2,0.01,39%,3.67,7%,9%,19%,30,-0.88,-1.1,-0.66,13%,2.48,2%,3%,11%,47.2,0.13,0.01,0.25,46%,4.01,9%,11%,21%,Average,136731;145082;147115;147260,4,3,1,0,0,0,697,23%,77%
202324,Academic year,Multi-academy trust,The Rodillian Multi Academy Trust,4386,TR01807,7990619,10059698,Yorkshire and the Humber,138111;138336;138593;143138,4,1,3,0,0,0,4,0,0,4,728,104.1,21%,79%,5%,23%,48.9,98%,0.31,0.2,0.41,57%,4.55,26%,39%,76%,34.9,-0.42,-0.65,-0.2,32%,3.17,8%,17%,54%,52.7,0.5,0.39,0.62,64%,4.92,31%,45%,82%,Above average,138111;138336;138593;142604;143138,5,1,3,0,0,1,861,22%,78%
202324,Academic year,Multi-academy trust,The Rosedale Hewens Academy Trust,4397,TR01817,7683702,10058942,London,137077;137078;138368;141035,4,2,0,0,2,0,4,0,0,4,283,103.6,35%,65%,71%,12%,47.2,81%,0.25,0.07,0.43,48%,4.03,10%,16%,36%,SUPPMAT,SUPPMAT,SUPPMAT,SUPPMAT,SUPPMAT,SUPPMAT,SUPPMAT,SUPPMAT,SUPPMAT,SUPPMAT,SUPPMAT,SUPPMAT,SUPPMAT,SUPPMAT,SUPPMAT,SUPPMAT,SUPPMAT,SUPPMAT,Above average,137077;137078;138368;141035,4,2,0,0,2,0,283,35%,65%
202324,Academic year,Multi-academy trust,The Roseland Multi Academy Trust,16049,TR01818,7557817,10058608,South West,136572;137223;145843,3,2,1,0,0,0,3,0,1,2,458,104,19%,81%,1%,19%,46.7,96%,0.11,-0.02,0.24,43%,4.06,11%,17%,23%,33.3,-0.55,-0.85,-0.24,21%,2.85,1%,6%,12%,49.8,0.26,0.11,0.41,48%,4.34,14%,20%,26%,Average,136572;137223;145843,3,2,1,0,0,0,458,19%,81%
202324,Academic year,Multi-academy trust,The Rowan Learning Trust,4405,TR01824,8010464,10059724,North West,138110;140001;147883,3,1,2,0,0,0,3,0,1,2,539,104.2,39%,61%,11%,18%,38.2,94%,-0.77,-0.89,-0.65,35%,3.18,5%,7%,12%,29.1,-1.39,-1.58,-1.19,22%,2.38,1%,3%,7%,44.2,-0.35,-0.51,-0.19,44%,3.72,7%,10%,15%,Well below average,138110;140001;147883,3,1,2,0,0,0,539,39%,61%
202324,Academic year,Multi-academy trust,Ascend Learning Trust,16676,TR01828,7569743,10058663,South West,135804;136911;137650;144773,4,3,1,0,0,0,4,0,1,3,776,102.7,24%,76%,16%,19%,42.8,91%,-0.05,-0.16,0.05,41%,3.65,9%,14%,27%,32.9,-0.64,-0.85,-0.43,21%,2.79,2%,8%,23%,46,0.15,0.03,0.27,47%,3.92,11%,16%,28%,Average,135804;136911;137650;144773,4,3,1,0,0,0,776,24%,76%
202324,Academic year,Multi-academy trust,Bishop Bewick Catholic Education Trust,16761,TR01843,7841435,10059424,North East,137708;137734;137900;140081;141814,5,5,0,0,0,0,5,2,2,1,1116,105.4,27%,73%,17%,12%,51.5,98%,0.27,0.19,0.36,51%,4.58,23%,33%,49%,43.1,-0.18,-0.35,-0.02,33%,3.72,12%,22%,36%,54.7,0.45,0.35,0.54,57%,4.9,28%,37%,54%,Above average,137708;137734;137900;140081;141814,5,5,0,0,0,0,1116,27%,73%
202324,Academic year,Multi-academy trust,Saffron Academy Trust,4437,TR01848,7618351,10058708,East of England,136729;136776;137975;139402,4,3,1,0,0,0,4,0,1,3,830,105.8,16%,84%,5%,22%,49,96%,-0.06,-0.16,0.04,50%,4.46,25%,37%,50%,34.4,-0.89,-1.13,-0.64,20%,3,5%,13%,30%,51.7,0.1,-0.01,0.2,55%,4.73,29%,41%,54%,Average,136729;136776;137975;139402,4,3,1,0,0,0,830,16%,84%
202324,Academic year,Multi-academy trust,St Ralph Sherwin Catholic Multi Academy Trust,4442,TR01853,7937154,10059560,East Midlands,137908;138622;142042;146128;146235,5,4,1,0,0,0,5,0,0,5,683,103.7,22%,78%,18%,15%,47,95%,0.16,0.05,0.27,48%,4.06,12%,20%,40%,36.1,-0.44,-0.67,-0.21,29%,3.04,4%,9%,28%,50.1,0.35,0.22,0.47,53%,4.36,15%,24%,43%,Above average,137908;138622;142042;146128;146235,5,4,1,0,0,0,683,22%,78%
202324,Academic year,Multi-academy trust,South East Cornwall Multi Academy Regional Trust,4449,TR01858,7542166,10058550,South West,136575;137839;144291,3,3,0,0,0,0,3,0,0,3,496,103.6,26%,74%,1%,18%,41.6,97%,-0.3,-0.43,-0.18,36%,3.53,6%,9%,16%,28.1,-1.06,-1.31,-0.81,17%,2.32,0%,2%,6%,46.4,-0.04,-0.19,0.1,43%,3.95,8%,12%,19%,Below average,136575;137839;144291,3,3,0,0,0,0,496,26%,74%
202324,Academic year,Multi-academy trust,Unity Schools Partnership,4454,TR01862,7400386,10058379,East of England,136322;136990;137321;138162;140669;140969;141639;145944,8,4,4,0,0,0,8,0,1,7,1436,103.7,21%,79%,9%,14%,43.8,95%,-0.13,-0.2,-0.05,41%,3.86,13%,21%,40%,34.5,-0.64,-0.8,-0.48,25%,2.99,5%,10%,26%,46.3,0.01,-0.08,0.09,45%,4.1,16%,24%,43%,Below average,136322;136990;137321;138162;138250;140669;140969;141639;145944,9,4,4,1,0,0,1544,21%,79%
202324,Academic year,Multi-academy trust,Alban Academies Trust,16752X,TR01869X,7523557,10058506,East of England,136609;137038;146305,3,2,1,0,0,0,3,0,0,3,589,105.5,19%,81%,11%,18%,53.1,91%,0.41,0.29,0.53,59%,4.75,28%,34%,41%,37.2,-0.39,-0.67,-0.11,26%,3.13,8%,12%,19%,56.8,0.6,0.47,0.73,66%,5.13,33%,39%,46%,Above average,136609;137038;146305,3,2,1,0,0,0,589,19%,81%
202324,Academic year,Multi-academy trust,Thomas Telford Multi Academy Trust,16830,TR01870,4798185,10058173,West Midlands,133697;134993;135149;140160,4,0,3,0,0,1,4,0,1,3,664,105.3,31%,69%,19%,17%,46.5,97%,-0.12,-0.23,-0.02,43%,4.11,18%,29%,50%,39.7,-0.54,-0.74,-0.35,30%,3.4,12%,16%,35%,49.4,0.06,-0.07,0.19,49%,4.42,20%,34%,57%,Below average,133697;134993;135149;140160,4,0,3,0,0,1,664,31%,69%
202324,Academic year,Multi-academy trust,Delta Academies Trust,4474,TR01879,7386086,10055739,Yorkshire and the Humber,135942;136343;136675;137066;137141;137453;137464;137472;138006;138082;139059;139076;140949;145929;146320;146639,16,7,8,1,0,0,16,0,0,16,2628,103.7,32%,68%,8%,8%,47.2,97%,0.21,0.16,0.26,51%,4.22,22%,32%,45%,39.1,-0.18,-0.27,-0.08,34%,3.36,11%,17%,28%,51.1,0.4,0.33,0.46,60%,4.63,27%,39%,53%,Above average,135942;136343;136675;137066;137141;137453;137464;137472;138006;138082;139059;139076;140949;145929;146320;146639;149011,17,7,9,1,0,0,2896,33%,67%
202324,Academic year,Multi-academy trust,Seckford Education Trust,4482,TR01884,8077362,10059801,East of England,138273;138274;140047,3,0,0,3,0,0,3,0,0,3,192,103,38%,62%,3%,25%,33,96%,-1.05,-1.26,-0.85,20%,2.83,2%,4%,17%,25.4,-1.36,-1.69,-1.03,8%,2.16,1%,4%,7%,37.6,-0.86,-1.12,-0.61,28%,3.23,2%,3%,23%,Well below average,138273;138274;140047,3,0,0,3,0,0,192,38%,62%
202324,Academic year,Multi-academy trust,The Sheffield Utc Academy Trust,16038,TR01898,7652696,10058801,Yorkshire and the Humber,139695;142605;147685,3,0,0,0,0,3,3,0,1,2,271,104.5,33%,67%,8%,13%,39.9,97%,-0.75,-0.93,-0.58,35%,3.01,0%,0%,0%,33.7,-1.09,-1.39,-0.8,22%,2.59,0%,0%,0%,42.9,-0.59,-0.8,-0.38,42%,3.21,0%,0%,0%,Well below average,139695;142605;147685,3,0,0,0,0,3,271,33%,67%
202324,Academic year,Multi-academy trust,Share Multi Academy Trust,5635,TR01902,7729878,10059231,Yorkshire and the Humber,137352;146327;146365,3,2,1,0,0,0,3,0,0,3,689,103.3,28%,72%,16%,16%,48.1,97%,0.37,0.27,0.48,51%,4.43,27%,39%,64%,38.8,-0.07,-0.28,0.13,28%,3.42,13%,20%,43%,51.8,0.55,0.42,0.68,60%,4.82,33%,47%,72%,Above average,137352;146327;146365;149162,4,3,1,0,0,0,929,27%,73%
202324,Academic year,Multi-academy trust,North East Learning Trust,4516,TR01914,7492165,10052835,North East,136451;138075;144496;144601;144977;147531;148728,7,3,4,0,0,0,7,1,0,6,1131,105,25%,75%,2%,11%,49.5,98%,0.2,0.12,0.29,53%,4.43,22%,34%,54%,43.7,-0.08,-0.24,0.09,40%,3.79,14%,23%,40%,51.5,0.3,0.2,0.4,57%,4.64,25%,38%,59%,Above average,136451;138075;144496;144601;144977;147531;148728,7,3,4,0,0,0,1131,25%,75%
202324,Academic year,Multi-academy trust,Chorus Education Trust,17155,TR01920,8289609,10060171,Yorkshire and the Humber,139167;145562;147533,3,1,2,0,0,0,3,0,0,3,578,105.3,17%,83%,12%,13%,49.8,96%,0.1,-0.02,0.21,56%,4.42,19%,26%,41%,34.8,-0.66,-0.95,-0.38,26%,2.98,7%,8%,23%,53,0.25,0.12,0.38,63%,4.72,22%,29%,45%,Average,139167;145562;147533;149825,4,2,2,0,0,0,806,17%,83%
202324,Academic year,Multi-academy trust,Scholars' Education Trust,4533,TR01926,7697132,10059062,East of England,137270;138181;138582;143131,4,2,2,0,0,0,4,0,0,4,596,104.8,17%,83%,9%,19%,51.6,97%,0.35,0.24,0.47,57%,4.52,21%,27%,37%,41.7,-0.05,-0.33,0.24,41%,3.59,11%,19%,32%,53.5,0.43,0.31,0.56,60%,4.7,23%,28%,38%,Above average,137270;138181;138582;143131;149500,5,3,2,0,0,0,808,16%,84%
202324,Academic year,Multi-academy trust,Waveney Valley Academies Trust,16656,TR01927,7682294,10058936,East of England,137055;141236;145055,3,1,2,0,0,0,3,0,0,3,493,104.6,21%,79%,1%,13%,44.9,98%,-0.18,-0.31,-0.05,42%,3.78,8%,11%,15%,35.8,-0.62,-0.9,-0.35,28%,2.96,2%,4%,11%,47.3,-0.06,-0.2,0.08,46%,4,10%,12%,17%,Below average,137055;141236;145055,3,1,2,0,0,0,493,21%,79%
202324,Academic year,Multi-academy trust,Our Lady Of Lourdes Catholic Multi-Academy Trust,4581,TR01962,7743523,10059277,East Midlands,137409;138341;138810;140698,4,4,0,0,0,0,4,0,0,4,712,106.1,17%,83%,33%,8%,52.6,95%,0.25,0.14,0.35,55%,4.78,30%,39%,56%,40.6,-0.44,-0.7,-0.17,33%,3.54,11%,17%,35%,55,0.39,0.27,0.5,59%,5.03,34%,44%,61%,Above average,137409;138018;138341;138810;139623;140698,6,6,0,0,0,0,936,20%,80%
202324,Academic year,Multi-academy trust,Tyne Coast Academy Trust,4586,TR01966,8313162,10060208,North East,145528;145900;147532,3,2,0,0,0,1,3,0,0,3,531,104.9,45%,55%,11%,7%,39.6,94%,-0.78,-0.91,-0.66,36%,3.44,11%,17%,36%,31.3,-1.31,-1.5,-1.13,19%,2.65,5%,10%,22%,46.3,-0.36,-0.52,-0.19,49%,4.08,15%,23%,47%,Well below average,145528;145900;147532,3,2,0,0,0,1,531,45%,55%
202324,Academic year,Multi-academy trust,Diocese Of Southwell And Nottingham Multi-Academy Trust,2925,TR01983,8738949,10060643,East Midlands,135583;140549;148433,3,1,2,0,0,0,3,1,0,2,338,102.1,36%,64%,13%,17%,36.4,94%,-0.58,-0.74,-0.43,25%,3.08,5%,9%,20%,27.7,-0.9,-1.16,-0.65,14%,2.26,0%,1%,7%,41.1,-0.41,-0.6,-0.21,31%,3.53,8%,14%,28%,Well below average,135583;140549;148433,3,1,2,0,0,0,338,36%,64%
202324,Academic year,Multi-academy trust,The Spencer Academies Trust,4609,TR01987,7353824,10058352,East Midlands,136291;137606;138482;138628;145327;145500;146562;146564,8,6,2,0,0,0,8,0,0,8,1991,104.8,21%,79%,13%,13%,49,96%,0.12,0.06,0.19,52%,4.42,21%,28%,38%,35.7,-0.51,-0.64,-0.37,26%,3.13,7%,11%,21%,52.6,0.29,0.22,0.37,59%,4.77,25%,32%,42%,Above average,136291;137606;138482;138628;145327;145500;146562;146564,8,6,2,0,0,0,1991,21%,79%
202324,Academic year,Multi-academy trust,Tove Learning Trust,16243,TR01990,7525820,10058513,East Midlands,129342;135335;135956;136488;143421;145736;146209;148835,8,2,6,0,0,0,8,1,0,7,1651,103.9,30%,70%,15%,13%,44.1,92%,-0.11,-0.18,-0.04,42%,3.79,10%,13%,21%,37,-0.45,-0.58,-0.32,27%,3.08,4%,6%,14%,47.2,0.04,-0.04,0.13,48%,4.08,12%,16%,24%,Below average,129342;135335;135956;136488;143421;145736;146209;148835;149433,9,3,6,0,0,0,1822,29%,71%
202324,Academic year,Multi-academy trust,Danes Educational Trust,16254,TR02032,7671949,10058906,East of England,136901;139416;144402;147246;147535,5,3,0,1,0,1,5,1,0,4,859,105.5,17%,83%,15%,18%,51.5,93%,0.21,0.11,0.31,55%,4.69,29%,39%,56%,38.1,-0.24,-0.48,-0.01,28%,3.27,8%,14%,30%,54.1,0.31,0.2,0.41,61%,4.97,33%,44%,61%,Above average,136901;139416;144402;147246;147535,5,3,0,1,0,1,859,17%,83%
202324,Academic year,Multi-academy trust,Magna Learning Partnership,16649,TR02045,7865850,10059466,South West,136183;144388;144389,3,2,1,0,0,0,3,0,0,3,530,103.4,20%,80%,8%,20%,41.5,94%,-0.29,-0.41,-0.16,36%,3.58,8%,13%,20%,31.1,-0.9,-1.18,-0.62,15%,2.67,5%,6%,12%,44.2,-0.14,-0.27,0,41%,3.81,8%,14%,22%,Below average,136183;144388;144389,3,2,1,0,0,0,530,20%,80%
202324,Academic year,Multi-academy trust,Swale Academies Trust,4885,TR02230,7344732,10058331,South East,136106;136286;137687;139075;144354;144661;148179,7,3,4,0,0,0,7,0,1,6,1394,101.9,31%,69%,6%,18%,36.6,96%,-0.48,-0.56,-0.41,27%,3.12,5%,9%,27%,27.5,-0.99,-1.12,-0.85,12%,2.27,1%,2%,15%,40.7,-0.25,-0.34,-0.16,34%,3.5,7%,12%,32%,Below average,136106;136286;137687;139075;144354;144661;147897;148179;148712,9,4,5,0,0,0,1687,32%,68%
202324,Academic year,Multi-academy trust,Tapton School Academy Trust,4899,TR02239,7697171,10059064,Yorkshire and the Humber,138069;138414;140547;147788,4,2,2,0,0,0,4,0,1,3,902,105.4,25%,75%,12%,19%,47.1,95%,-0.17,-0.27,-0.08,51%,4.23,22%,29%,41%,30.1,-0.97,-1.16,-0.77,21%,2.64,6%,12%,27%,52.8,0.08,-0.02,0.19,61%,4.77,27%,35%,46%,Below average,138069;138414;140547;147788,4,2,2,0,0,0,902,25%,75%
202324,Academic year,Multi-academy trust,Star Academies,4903,TR02243,7353849,10048788,North West,138220;140957;140958;140959;141565;141969;141970;141971;142469;142681;142761;144464;144646;144744;144745;145878;147018;147201;147204;147757,20,1,7,12,0,0,20,1,0,19,2615,103.5,39%,61%,61%,15%,50.8,92%,0.58,0.52,0.63,60%,4.73,27%,38%,84%,44.9,0.32,0.23,0.41,49%,4.14,19%,30%,77%,54.6,0.74,0.67,0.82,67%,5.1,33%,44%,89%,Well above average,138220;140957;140958;140959;141565;141969;141970;141971;142469;142681;142761;144464;144646;144744;144745;145878;147018;147201;147204;147757;148847;150261,22,2,8,12,0,0,3052,37%,63%
202324,Academic year,Multi-academy trust,The Ted Wragg Multi Academy Trust,4909,TR02247,8545109,10060466,South West,136142;136646;139682;141514;142805;145404;147401;147967,8,2,6,0,0,0,8,2,2,4,1282,103.9,24%,76%,10%,23%,46.3,95%,0.08,0,0.16,48%,4.28,21%,33%,65%,36.5,-0.47,-0.63,-0.31,28%,3.26,8%,17%,48%,49.4,0.26,0.17,0.36,55%,4.6,25%,38%,70%,Average,136142;136646;136668;136912;139682;141514;142805;145404;147401;147967;149602,11,5,6,0,0,0,1725,24%,76%
202324,Academic year,Multi-academy trust,Sherborne Area Schools' Trust,16706,TR02267,8130468,10059883,South West,138471;140898;147016,3,2,1,0,0,0,3,0,1,2,454,104.6,24%,76%,8%,13%,45.1,96%,-0.2,-0.33,-0.07,41%,3.98,17%,23%,32%,36.3,-0.6,-0.87,-0.33,24%,3.17,9%,13%,25%,47.8,-0.08,-0.23,0.07,46%,4.24,19%,26%,35%,Below average,138471;140898;147016;149657,4,3,1,0,0,0,561,24%,76%
202324,Academic year,Multi-academy trust,The Thinking Schools Academy Trust,5049,TR02276,7359755,10058356,South East,136108;136313;136594;139714;146624;148369,6,3,3,0,0,0,6,1,0,5,1025,106.6,27%,73%,24%,10%,48,94%,-0.3,-0.39,-0.21,52%,4.36,24%,32%,52%,35.7,-0.81,-0.98,-0.64,27%,3.15,12%,17%,35%,52.8,-0.09,-0.19,0.02,61%,4.83,28%,37%,58%,Below average,136108;136313;136556;136594;137755;138863;139714;146624;148369;149899,10,7,3,0,0,0,1753,25%,75%
202324,Academic year,Multi-academy trust,Lincolnshire Gateway Academies Trust,5079,TR02302,8085503,10059809,Yorkshire and the Humber,136192;136268;142392;144968,4,1,3,0,0,0,4,0,0,4,801,104.1,26%,74%,6%,13%,44.5,97%,-0.1,-0.2,0,37%,3.79,8%,13%,23%,37.6,-0.37,-0.57,-0.18,23%,3.13,3%,4%,15%,47,0,-0.11,0.12,42%,4.03,9%,16%,26%,Average,136192;136268;142392;144968,4,1,3,0,0,0,801,26%,74%
202324,Academic year,Multi-academy trust,Nova Education Trust,5084,TR02306,7635510,10055362,East Midlands,135761;136878;138411;140984;141010;144489;144687;144768;146374,9,3,3,3,0,0,9,0,0,9,1486,103.9,29%,71%,12%,10%,45.8,94%,-0.06,-0.13,0.02,45%,4.05,16%,22%,38%,33.3,-0.71,-0.84,-0.57,19%,2.83,4%,6%,22%,51.1,0.23,0.14,0.32,56%,4.56,20%,29%,45%,Average,135761;136878;138411;140984;141010;144489;144687;144768;146374,9,3,3,3,0,0,1486,29%,71%
202324,Academic year,Multi-academy trust,Ambitions Academies Trust,2128,TR02316,7977940,10059666,South West,136206;138385;139037;147214;147291,5,2,2,0,1,0,5,0,0,5,679,102.9,35%,65%,11%,20%,39.2,93%,-0.41,-0.52,-0.3,33%,3.38,9%,13%,25%,31.8,-0.83,-1.02,-0.65,21%,2.69,3%,5%,17%,43.1,-0.17,-0.31,-0.03,39%,3.74,12%,17%,29%,Below average,136206;138385;139037;147214;147291,5,2,2,0,1,0,679,35%,65%
202324,Academic year,Multi-academy trust,Tudor Grange Academies Trust,5128,TR02332,7365748,10058359,West Midlands,135913;136310;137161;140731;144479;146379,6,3,3,0,0,0,6,0,0,6,1062,105,26%,74%,9%,18%,46,94%,-0.21,-0.3,-0.12,47%,4.18,19%,28%,48%,31.1,-1.15,-1.32,-0.98,22%,2.72,5%,9%,20%,51.1,0.12,0.02,0.23,56%,4.69,23%,35%,57%,Below average,135913;136310;137161;140731;144479;146379,6,3,3,0,0,0,1062,26%,74%
202324,Academic year,Multi-academy trust,Twyford Church Of England Academies Trust,5132,TR02337,7648968,10058781,London,137546;139725;142654;145724,4,1,0,3,0,0,4,0,0,4,641,107,17%,83%,28%,10%,63.3,96%,1.11,1,1.23,73%,6.09,59%,73%,86%,53.3,0.69,0.42,0.97,52%,5.03,37%,54%,71%,65.3,1.2,1.08,1.32,78%,6.32,64%,78%,89%,Well above average,137546;139725;142654;145724,4,1,0,3,0,0,641,17%,83%
202324,Academic year,Multi-academy trust,Blackdown Education Partnership,5141,TR02342,7338835,10058321,South West,136287;136295;144392,3,2,1,0,0,0,3,0,0,3,548,104.3,20%,80%,6%,15%,46.5,95%,0.02,-0.1,0.14,48%,3.96,9%,15%,20%,36,-0.74,-1.02,-0.46,31%,3.01,4%,4%,12%,49.2,0.21,0.07,0.34,53%,4.2,11%,17%,23%,Average,136287;136295;136916;140416;144392,5,3,2,0,0,0,921,19%,81%
202324,Academic year,Multi-academy trust,United Learning Trust,5143,TR02343,4439859,10037395,North West,130912;131749;131895;131896;132727;134224;134814;134815;135071;135262;135296;135364;135365;135620;135621;135649;135760;135962;135966;136551;136636;136650;137782;138193;139258;139664;140007;140008;140265;140515;140679;140962;141617;142073;144356;144502;145034;145313;145372;146276;146793;147439;147467;148003;148393,45,9,33,2,0,1,45,2,1,42,7493,103.5,34%,66%,30%,17%,47.9,91%,0.26,0.22,0.29,51%,4.34,23%,31%,47%,SUPPMAT,SUPPMAT,SUPPMAT,SUPPMAT,SUPPMAT,SUPPMAT,SUPPMAT,SUPPMAT,SUPPMAT,SUPPMAT,SUPPMAT,SUPPMAT,SUPPMAT,SUPPMAT,SUPPMAT,SUPPMAT,SUPPMAT,SUPPMAT,Above average,130912;131749;131895;131896;132727;134224;134814;134815;135071;135262;135296;135364;135365;135620;135621;135649;135760;135962;135966;136551;136636;136650;137087;137782;138193;139258;139664;140007;140008;140265;140515;140679;140962;141617;142073;144356;144502;145034;145313;145372;146276;146793;147439;147467;148003;148393;149543;149632;150038,49,13,33,2,0,1,8304,33%,67%
202324,Academic year,Multi-academy trust,Valley Invicta Academies Trust,5178,TR02362,7559256,10058619,South East,136581;136582;143954,3,2,1,0,0,0,3,0,0,3,660,106.5,12%,88%,12%,10%,51.1,96%,-0.01,-0.12,0.1,52%,4.73,33%,41%,69%,38.7,-0.71,-1.03,-0.39,29%,3.46,12%,24%,52%,52.8,0.08,-0.03,0.2,55%,4.91,36%,43%,71%,Average,136581;136582;143954,3,2,1,0,0,0,660,12%,88%
202324,Academic year,Multi-academy trust,Washwood Heath Multi Academy Trust,5226,TR02400,8531479,10060454,West Midlands,139888;141668;144306,3,1,2,0,0,0,3,0,0,3,623,101.7,50%,50%,51%,13%,42.1,89%,0.02,-0.1,0.14,38%,3.76,13%,22%,51%,39.3,-0.12,-0.28,0.05,33%,3.5,10%,19%,47%,44.8,0.17,0,0.34,43%,4.03,17%,25%,55%,Average,139888;141668;144306,3,1,2,0,0,0,623,50%,50%
202324,Academic year,Multi-academy trust,Futura Learning Partnership,5253,TR02421,7746787,10059285,South West,137523;138204;141665;142127,4,2,1,0,1,0,4,0,0,4,653,104.2,17%,83%,5%,13%,46.1,96%,-0.01,-0.12,0.1,45%,3.99,12%,17%,23%,33.3,-0.72,-0.98,-0.45,18%,2.75,3%,3%,6%,48.8,0.14,0.02,0.27,51%,4.25,14%,19%,27%,Average,137523;137884;138204;141665;142127;145677,6,4,1,0,1,0,1063,18%,82%
202324,Academic year,Multi-academy trust,East Midlands Education Trust,2987,TR02426,7530373,10055367,East Midlands,136628;137367;137628;138191;138641;141259;142710,7,7,0,0,0,0,7,1,0,6,1286,105.2,18%,82%,9%,9%,50.2,97%,0.2,0.12,0.28,57%,4.53,22%,30%,45%,37.6,-0.51,-0.7,-0.33,33%,3.3,10%,14%,30%,52.8,0.35,0.26,0.44,62%,4.79,24%,34%,49%,Above average,136628;137367;137628;138191;138641;138820;141259;142710;148299,9,9,0,0,0,0,1606,18%,82%
202324,Academic year,Multi-academy trust,Weydon Multi Academy Trust,16644,TR02463,7552535,10058582,South East,136531;137019;137314;144520,4,4,0,0,0,0,4,1,0,3,889,106.9,12%,88%,7%,14%,55.9,94%,0.41,0.31,0.51,62%,4.94,22%,27%,34%,36.8,-0.79,-1.08,-0.51,26%,3.23,10%,12%,21%,58.5,0.56,0.46,0.67,67%,5.17,24%,29%,36%,Above average,136531;137019;137314;144520,4,4,0,0,0,0,889,12%,88%
202324,Academic year,Multi-academy trust,The White Horse Federation,5315,TR02468,8075785,10048061,South West,130247;137160;138630;146344,4,3,1,0,0,0,4,0,0,4,836,103.5,25%,75%,13%,20%,43.7,95%,-0.11,-0.21,-0.01,43%,3.81,10%,13%,21%,31.8,-0.76,-0.95,-0.56,23%,2.73,3%,5%,13%,47.7,0.11,0,0.23,50%,4.17,12%,15%,24%,Below average,130247;137160;138630;146344,4,3,1,0,0,0,836,25%,75%
202324,Academic year,Multi-academy trust,Wickersley Partnership Trust,5329,TR02478,8833508,10060709,Yorkshire and the Humber,140553;140646;143545;145954;148547,5,2,3,0,0,0,5,1,0,4,982,102.6,38%,62%,10%,21%,40.1,96%,-0.31,-0.4,-0.22,34%,3.53,8%,17%,61%,30.2,-0.78,-0.92,-0.63,17%,2.6,3%,7%,50%,45.9,-0.05,-0.16,0.07,44%,4.08,10%,23%,68%,Below average,140553;140646;143545;145954;148547,5,2,3,0,0,0,982,38%,62%
202324,Academic year,Multi-academy trust,Cumbria Education Trust,15765,TR02488,7698631,10059094,North West,137252;141499;146634,3,1,2,0,0,0,3,0,0,3,517,103,28%,72%,2%,14%,41.3,98%,-0.2,-0.33,-0.08,34%,3.63,11%,19%,34%,32.5,-0.71,-0.94,-0.47,21%,2.76,5%,12%,19%,44.7,-0.01,-0.15,0.14,39%,3.97,13%,22%,40%,Below average,137252;141499;146634,3,1,2,0,0,0,517,28%,72%
202324,Academic year,Multi-academy trust,Endeavour Mat,16655,TR02497,7682332,10058938,South East,137227;137250;147059,3,2,0,1,0,0,3,0,0,3,412,109.3,12%,88%,10%,14%,61.6,97%,0.46,0.32,0.6,80%,5.73,47%,60%,76%,49,-0.24,-0.64,0.15,58%,4.44,28%,40%,60%,63.4,0.56,0.41,0.7,83%,5.91,50%,63%,78%,Above average,137227;137250;147059,3,2,0,1,0,0,412,12%,88%
202324,Academic year,Multi-academy trust,Windsor Academy Trust,5361,TR02503,7523436,10058502,West Midlands,136618;137773;144988;146443,4,3,1,0,0,0,4,0,0,4,749,104.5,21%,79%,8%,13%,46.6,97%,0.01,-0.1,0.11,47%,4.05,17%,25%,37%,35.5,-0.49,-0.71,-0.27,25%,3.05,8%,14%,29%,49.6,0.14,0.02,0.26,53%,4.32,19%,28%,39%,Average,136618;137773;144988;146443,4,3,1,0,0,0,749,21%,79%
202324,Academic year,Multi-academy trust,Woodard Academies Trust,5385,TR02518,6415729,10027236,South East,135744;135745;136824;136923;139658;142174,6,0,5,1,0,0,6,0,0,6,1086,103.8,24%,76%,15%,19%,42.2,94%,-0.31,-0.4,-0.23,37%,3.78,15%,24%,42%,31.8,-0.89,-1.06,-0.71,20%,2.76,6%,11%,28%,45.5,-0.13,-0.23,-0.04,42%,4.11,18%,28%,47%,Below average,135744;135745;136824;136923;139658;142174,6,0,5,1,0,0,1086,24%,76%
202324,Academic year,Multi-academy trust,Sapientia Education Trust,16336,TR02551,7466353,10058443,East of England,136481;137901;139572;140534;145776;146144,6,5,1,0,0,0,6,0,2,4,855,104,17%,83%,6%,13%,48.4,93%,0.21,0.11,0.3,51%,4.46,21%,32%,64%,35.7,-0.35,-0.59,-0.11,26%,3.2,6%,15%,41%,50.8,0.32,0.21,0.42,55%,4.7,24%,36%,68%,Above average,135904;136481;137901;139572;140534;145776;146144,7,5,2,0,0,0,997,21%,79%
202324,Academic year,Multi-academy trust,Enrich Learning Trust,16674,TR02552,7725111,10059209,East of England,137461;144018;144316;147505,4,3,1,0,0,0,4,0,1,3,696,105.1,15%,85%,5%,19%,48.9,96%,0.1,-0.01,0.2,50%,4.53,20%,34%,67%,38,-0.33,-0.61,-0.05,27%,3.42,2%,9%,51%,50.8,0.17,0.05,0.29,55%,4.73,23%,38%,70%,Average,137461;144018;144316;147505,4,3,1,0,0,0,696,15%,85%
202324,Academic year,Multi-academy trust,Russell Education Trust,4421,TR02562,7452885,10058425,London,136822;138239;139409;139410;141963,5,0,0,5,0,0,5,0,0,5,782,106.7,14%,86%,14%,16%,56.5,94%,0.55,0.44,0.65,67%,5.22,35%,44%,60%,43.4,-0.09,-0.37,0.19,36%,3.89,17%,26%,48%,58.6,0.64,0.53,0.75,72%,5.43,38%,47%,62%,Well above average,136822;138239;139409;139410;141963,5,0,0,5,0,0,782,14%,86%
202324,Academic year,Multi-academy trust,Mercia Learning Trust,3899,TR02564,8119703,10059864,Yorkshire and the Humber,138841;140821;145897,3,1,1,1,0,0,3,0,0,3,519,104.8,26%,74%,25%,10%,54.9,94%,0.74,0.62,0.87,60%,5,34%,40%,46%,42,0.1,-0.15,0.34,36%,3.72,20%,28%,34%,59.5,0.97,0.83,1.12,68%,5.45,38%,45%,51%,Well above average,138841;140821;145897,3,1,1,1,0,0,519,26%,74%
202324,Academic year,Multi-academy trust,West Norfolk Academies Trust,5275,TR02565,7546118,10058560,East of England,136515;140557;142396;143520,4,1,3,0,0,0,4,0,0,4,696,102.7,21%,79%,13%,13%,43.4,96%,-0.03,-0.14,0.08,37%,3.94,16%,28%,54%,34,-0.42,-0.65,-0.18,21%,3.02,8%,15%,38%,45.9,0.07,-0.05,0.19,41%,4.19,18%,31%,58%,Average,136515;140557;142396;143520,4,1,3,0,0,0,696,21%,79%
202324,Academic year,Multi-academy trust,Truro & Penwith Academy Trust,5119,TR02603,8880841,10060726,South West,140675;145211;146325,3,1,2,0,0,0,3,0,0,3,232,103.7,28%,72%,2%,19%,43.8,98%,-0.12,-0.3,0.07,40%,3.72,7%,13%,38%,35.3,-0.46,-0.81,-0.12,23%,2.9,3%,5%,23%,47.1,0.02,-0.2,0.24,46%,4.04,8%,17%,43%,Average,140675;143981;143993;145211;146325,5,3,2,0,0,0,569,22%,78%
202324,Academic year,Multi-academy trust,Trinity Multi Academy Trust,5689,TR02674,6897239,10058262,Yorkshire and the Humber,136094;144946;145579;148545,4,1,3,0,0,0,4,1,0,3,874,102.3,36%,64%,23%,17%,44.6,95%,0.17,0.08,0.27,42%,4.13,24%,35%,63%,39,-0.09,-0.25,0.07,34%,3.59,18%,27%,56%,47.8,0.33,0.2,0.45,47%,4.44,28%,41%,67%,Above average,136094;144946;145579;148545,4,1,3,0,0,0,874,36%,64%
202324,Academic year,Multi-academy trust,Our Lady Of The Magnificat Multi-Academy Company,4115,TR02695,9064485,10060812,West Midlands,141063;143634;148362,3,3,0,0,0,0,3,2,0,1,457,104,21%,79%,21%,16%,47.8,95%,0.23,0.1,0.36,54%,4.21,14%,22%,40%,33.2,-0.46,-0.75,-0.17,26%,2.88,7%,9%,18%,51.2,0.39,0.24,0.54,60%,4.52,16%,25%,46%,Above average,141063;143634;148362,3,3,0,0,0,0,457,21%,79%
202324,Academic year,Multi-academy trust,White Rose Academies Trust,5316,TR02700,7958615,10059613,Yorkshire and the Humber,135935;136826;139646,3,0,3,0,0,0,3,0,0,3,622,100.4,53%,47%,33%,14%,36.6,88%,-0.34,-0.45,-0.22,27%,3.08,6%,8%,19%,30.4,-0.59,-0.75,-0.43,17%,2.52,5%,6%,18%,43.7,-0.03,-0.21,0.14,38%,3.71,7%,11%,21%,Below average,135935;136826;139646,3,0,3,0,0,0,622,53%,47%
202324,Academic year,Multi-academy trust,The Shaw Education Trust,4499,TR02713,9067175,10060817,West Midlands,140154;142015;143435;143848;146087;146529;146635;148002;148097,9,6,3,0,0,0,9,2,0,7,1508,104.1,31%,69%,13%,13%,42.8,93%,-0.27,-0.34,-0.19,38%,3.66,8%,12%,19%,33.9,-0.68,-0.81,-0.54,20%,2.8,3%,5%,9%,47.2,-0.06,-0.15,0.03,47%,4.09,10%,16%,24%,Below average,140154;142015;143435;143848;146087;146529;146635;148002;148097,9,6,3,0,0,0,1508,31%,69%
202324,Academic year,Multi-academy trust,The Mead Educational Trust,15900,TR02730,9079258,10055113,East Midlands,137540;141916;144629;147068,4,2,1,1,0,0,4,1,0,3,964,103.8,26%,74%,50%,13%,47.5,91%,0.23,0.14,0.32,48%,4.51,29%,41%,69%,38.2,-0.49,-0.68,-0.31,30%,3.57,16%,27%,61%,50.9,0.5,0.39,0.61,55%,4.85,33%,45%,72%,Above average,137540;141916;144629;147068,4,2,1,1,0,0,964,26%,74%
202324,Academic year,Multi-academy trust,Invictus Education Trust,5519,TR02737,9284368,10060890,West Midlands,141325;141342;141343;141570;143582;145593,6,3,3,0,0,0,6,0,0,6,1039,103.7,24%,76%,9%,18%,42.6,97%,-0.24,-0.33,-0.15,39%,3.59,9%,15%,30%,30.8,-0.88,-1.06,-0.7,17%,2.52,2%,6%,18%,46.3,-0.04,-0.14,0.06,47%,3.93,10%,18%,33%,Below average,141325;141342;141343;141570;143582;145593,6,3,3,0,0,0,1039,24%,76%
202324,Academic year,Multi-academy trust,Greater Manchester Education Trust,3010,TR02745,8913502,10060739,North West,141196;141264;144494,3,1,2,0,0,0,3,0,0,3,660,102.6,57%,43%,70%,20%,48.6,89%,0.56,0.45,0.68,44%,4.5,27%,41%,58%,45,0.35,0.2,0.5,36%,4.09,21%,34%,52%,53.2,0.86,0.68,1.03,53%,5.03,36%,50%,66%,Well above average,141196;141264;143260;144494,4,2,2,0,0,0,948,51%,49%
202324,Academic year,Multi-academy trust,Activate Learning Education Trust,15710,TR02786,8707909,10060613,South East,139268;141111;142024;145155;145945;146375,6,0,2,0,0,4,6,0,0,6,701,104,23%,77%,9%,21%,40.2,92%,-0.58,-0.69,-0.47,38%,3.38,7%,11%,19%,29.6,-1.13,-1.35,-0.9,18%,2.41,2%,2%,8%,43.4,-0.41,-0.53,-0.28,43%,3.66,9%,14%,23%,Well below average,139268;141111;142024;145155;145945;146375,6,0,2,0,0,4,701,23%,77%
202324,Academic year,Multi-academy trust,Minerva Learning Trust,3921,TR02980,9200332,10060869,Yorkshire and the Humber,141495;145191;145274;145455,4,3,1,0,0,0,4,0,0,4,938,105.1,22%,78%,7%,14%,46.7,98%,-0.13,-0.23,-0.04,47%,4.26,26%,37%,56%,33,-0.76,-0.96,-0.56,22%,2.88,7%,14%,38%,50.4,0.03,-0.07,0.14,54%,4.64,31%,43%,61%,Below average,141495;145191;145274;145455,4,3,1,0,0,0,938,22%,78%
202324,Academic year,Multi-academy trust,Nicholas Postgate Catholic Academy Trust,4002,TR02982,9203984,10060872,North East,140751;142273;142281;142382,4,4,0,0,0,0,4,0,0,4,560,104.8,39%,61%,6%,14%,42.5,98%,-0.46,-0.58,-0.34,39%,3.6,10%,17%,28%,34.9,-0.89,-1.08,-0.71,23%,2.9,6%,10%,19%,47.4,-0.18,-0.33,-0.03,50%,4.05,12%,22%,34%,Below average,140751;142273;142281;142382;147213;149517,6,6,0,0,0,0,884,29%,71%
202324,Academic year,Multi-academy trust,Aret� Learning Trust,5622,TR03123,9471240,10060960,Yorkshire and the Humber,141930;145090;146969,3,2,1,0,0,0,3,0,0,3,594,104.6,17%,83%,3%,15%,45.5,97%,-0.13,-0.24,-0.01,47%,4.09,18%,27%,44%,31.6,-0.75,-1.04,-0.46,19%,2.78,5%,11%,26%,48.2,-0.01,-0.13,0.12,53%,4.35,21%,31%,47%,Below average,141930;145090;146969,3,2,1,0,0,0,594,17%,83%
202324,Academic year,Multi-academy trust,United Endeavour Trust,15863,TR03224,9679560,10061008,West Midlands,142277;142278;145047,3,3,0,0,0,0,3,0,0,3,379,102.9,20%,80%,8%,11%,40.3,97%,-0.37,-0.51,-0.23,31%,3.5,10%,16%,33%,31,-0.93,-1.25,-0.61,19%,2.67,7%,9%,25%,42.5,-0.23,-0.39,-0.06,34%,3.71,11%,17%,35%,Below average,142277;142278;145047,3,3,0,0,0,0,379,20%,80%
202324,Academic year,Multi-academy trust,Bishop Chadwick Catholic Education Trust,16013,TR03359,9940352,10061060,North East,138054;139538;139878;142601;148304,5,5,0,0,0,0,5,1,2,2,979,105.8,23%,77%,8%,11%,48.6,97%,-0.11,-0.2,-0.02,50%,4.38,23%,35%,61%,39.5,-0.52,-0.71,-0.34,31%,3.5,11%,19%,43%,51.2,0.02,-0.08,0.12,55%,4.63,26%,40%,67%,Below average,138054;139538;139878;142601;148304,5,5,0,0,0,0,979,23%,77%
202324,Academic year,Multi-academy trust,Astrea Academy Trust,16104,TR03436,9791051,10061035,Yorkshire and the Humber,136992;137305;137434;143907;145864;146369;146370;146501,8,4,3,1,0,0,8,0,0,8,1584,103.7,28%,72%,13%,18%,43.7,96%,-0.16,-0.23,-0.09,42%,4.03,19%,29%,49%,32.7,-0.78,-0.91,-0.64,24%,2.95,8%,15%,34%,48,0.08,-0.01,0.16,49%,4.46,23%,34%,55%,Below average,136992;137305;137434;143907;145864;146369;146370;146501,8,4,3,1,0,0,1584,28%,72%
202324,Academic year,Multi-academy trust,King's Group Academies,16043,TR03446,9017776,10060788,South East,136876;144505;145892,3,2,0,1,0,0,3,1,0,2,453,103.1,27%,73%,18%,29%,43.9,89%,-0.03,-0.17,0.1,40%,4.09,21%,31%,71%,35.4,-0.29,-0.55,-0.04,28%,3.21,11%,19%,58%,46.8,0.06,-0.1,0.22,45%,4.39,24%,35%,75%,Average,136876;144505;145892;149365,4,3,0,1,0,0,613,25%,75%
202324,Academic year,Multi-academy trust,Learning Without Limits Academy Trust,16379,TR03451,10269535,10064327,East Midlands,137931;143247;143857,3,2,1,0,0,0,3,1,0,2,630,102.4,40%,60%,35%,16%,35,84%,-0.8,-0.92,-0.68,25%,2.9,2%,4%,12%,28.9,-1.16,-1.35,-0.98,19%,2.36,0%,1%,7%,39.3,-0.52,-0.68,-0.37,30%,3.27,3%,6%,16%,Well below average,137931;143247;143857,3,2,1,0,0,0,630,40%,60%
202324,Academic year,Multi-academy trust,Xavier Catholic Education Trust,16307,TR03468,10236797,10057399,South East,143367;143369;147430,3,3,0,0,0,0,3,0,1,2,721,107.4,7%,93%,17%,16%,62.2,95%,0.92,0.82,1.03,77%,5.6,36%,44%,52%,48.4,0.31,-0.08,0.7,44%,4.16,16%,23%,30%,63.2,0.97,0.86,1.08,79%,5.71,38%,45%,54%,Well above average,143367;143369;147430,3,3,0,0,0,0,721,7%,93%
202324,Academic year,Multi-academy trust,Mulberry Schools Trust,16669,TR03507,10035860,10064234,London,137789;143629;144756,3,2,0,0,0,1,3,0,0,3,466,105.7,52%,48%,68%,13%,52.1,94%,0.28,0.15,0.41,55%,4.81,28%,42%,86%,48.8,0.16,-0.03,0.34,49%,4.49,23%,38%,84%,55.7,0.42,0.22,0.61,61%,5.15,33%,47%,87%,Above average,137745;137789;143629;144700;144756,5,4,0,0,0,1,878,48%,52%
202324,Academic year,Multi-academy trust,Vision Academy Learning Trust,16169,TR03523,10249712,10061188,North East,143063;147724;148335,3,1,2,0,0,0,3,1,1,1,577,106.1,18%,82%,2%,17%,50,99%,-0.05,-0.17,0.07,51%,4.41,22%,30%,44%,37.5,-0.68,-0.95,-0.41,23%,3.13,6%,13%,22%,52.6,0.08,-0.05,0.21,57%,4.68,26%,34%,48%,Average,143063;147724;148335,3,1,2,0,0,0,577,18%,82%
202324,Academic year,Multi-academy trust,Community Schools Trust,16390,TR03549,10337377,10064174,London,143274;145113;147653,3,1,1,1,0,0,3,0,1,2,654,104.3,48%,52%,61%,6%,54.5,83%,0.9,0.78,1.02,65%,4.99,29%,43%,79%,52.3,0.65,0.48,0.82,61%,4.77,24%,38%,76%,56.5,1.14,0.97,1.31,70%,5.19,33%,47%,82%,Well above average,131062;141086;143274;145113;147653;149901,6,2,2,1,0,1,1214,46%,54%
202324,Academic year,Multi-academy trust,Reach South Academy Trust,16503,TR03589,10151730,10064245,South West,146386;146560;147905,3,0,0,2,0,1,3,0,1,2,208,100.3,38%,63%,15%,22%,31.5,93%,-0.78,-0.98,-0.58,17%,2.57,2%,3%,11%,27.4,-0.99,-1.32,-0.67,9%,2.22,0%,0%,6%,34,-0.65,-0.9,-0.4,23%,2.78,4%,5%,14%,Well below average,146386;146560;147650;147905,4,0,0,3,0,1,262,37%,63%
202324,Academic year,Multi-academy trust,South East Surrey Schools Education Trust,16540,TR03597,10479401,10064268,South East,143901;143902;143903,3,3,0,0,0,0,3,0,0,3,607,105.7,15%,85%,8%,23%,50.4,95%,0.11,0,0.23,54%,4.69,32%,43%,63%,30.4,-1.14,-1.44,-0.84,18%,2.67,7%,11%,25%,53.9,0.33,0.21,0.46,61%,5.03,36%,48%,69%,Average,143901;143902;143903,3,3,0,0,0,0,607,15%,85%
202324,Academic year,Multi-academy trust,Stowe Valley Multi Academy Trust,16616,TR03608,10445759,10064277,West Midlands,143905;145575;147432,3,2,1,0,0,0,3,0,0,3,630,104.4,20%,80%,6%,20%,46.3,96%,0,-0.11,0.12,45%,4.1,15%,25%,44%,30,-1,-1.25,-0.74,15%,2.51,2%,4%,23%,50.3,0.26,0.13,0.38,52%,4.49,19%,30%,49%,Average,143905;145575;147432,3,2,1,0,0,0,630,20%,80%
202324,Academic year,Multi-academy trust,The Bishop Fraser Trust,16888,TR03689,11005401,10067113,North West,144044;144046;145314,3,3,0,0,0,0,3,0,0,3,649,105.5,23%,77%,11%,15%,48.2,94%,-0.02,-0.13,0.09,51%,4.05,12%,16%,23%,38.2,-0.39,-0.63,-0.16,33%,3.16,7%,9%,16%,51.2,0.1,-0.03,0.23,57%,4.32,13%,19%,25%,Average,144044;144046;145314;148866,4,4,0,0,0,0,810,21%,79%
202324,Academic year,Multi-academy trust,Emmanuel Schools Foundation,16552,TR03704,4464331,10064192,North East,134223;135007;135619;138567;147178,5,1,3,1,0,0,5,0,0,5,946,104.2,33%,67%,6%,19%,41.1,97%,-0.52,-0.62,-0.43,39%,3.63,14%,21%,40%,32.2,-1.02,-1.18,-0.86,24%,2.79,8%,11%,29%,45.5,-0.27,-0.39,-0.16,46%,4.05,18%,26%,46%,Well below average,134223;135007;135619;138567;147178,5,1,3,1,0,0,946,33%,67%
202324,Academic year,Multi-academy trust,Dudley Academies Trust,16764,TR03705,10897797,10066093,West Midlands,137390;137705;144657;144952,4,3,1,0,0,0,4,0,0,4,663,100.3,45%,55%,24%,14%,39.6,91%,0.01,-0.1,0.13,35%,3.33,5%,8%,15%,34.3,-0.3,-0.47,-0.13,25%,2.89,5%,7%,14%,44,0.28,0.12,0.43,43%,3.69,5%,8%,15%,Average,137390;137705;144657;144952,4,3,1,0,0,0,663,45%,55%
202324,Academic year,Multi-academy trust,The Challenge Academy Trust,16682,TR03727,10689247,10064284,North West,139196;141598;144799;145157;146765,5,2,3,0,0,0,5,0,0,5,922,104.3,29%,71%,12%,17%,46.1,93%,-0.06,-0.16,0.03,43%,4.09,16%,25%,50%,36.5,-0.47,-0.64,-0.29,23%,3.17,7%,14%,44%,50,0.11,-0.01,0.22,52%,4.46,19%,29%,52%,Average,139196;141598;144799;145157;146765,5,2,3,0,0,0,922,29%,71%
202324,Academic year,Multi-academy trust,Learning Community Trust,16959,TR03737,10846393,10067120,West Midlands,142821;144853;145707,3,2,1,0,0,0,3,0,0,3,655,103,26%,74%,21%,22%,40.7,94%,-0.25,-0.37,-0.14,29%,3.58,13%,22%,44%,33.9,-0.73,-0.94,-0.51,17%,2.89,7%,11%,30%,43.1,-0.08,-0.21,0.05,33%,3.83,15%,27%,50%,Below average,142821;144853;145707,3,2,1,0,0,0,655,26%,74%
202324,Academic year,Multi-academy trust,Dartmoor Multi Academy Trust,16913,TR03738,11075564,10067101,South West,145336;145337;145343,3,3,0,0,0,0,3,0,0,3,569,103.5,20%,80%,3%,20%,42.4,97%,-0.24,-0.35,-0.12,37%,3.71,10%,19%,38%,32.3,-0.54,-0.8,-0.27,16%,2.79,4%,10%,29%,44.8,-0.16,-0.29,-0.03,43%,3.93,11%,21%,41%,Below average,145336;145337;145343,3,3,0,0,0,0,569,20%,80%
202324,Academic year,Multi-academy trust,Prospere Learning Trust,16846,TR03794,10872612,10066112,North West,135874;139148;144755;145873,4,1,1,2,0,0,4,0,2,2,878,104.4,51%,49%,28%,23%,46.1,92%,-0.04,-0.14,0.06,45%,4.2,20%,33%,59%,39.2,-0.43,-0.57,-0.3,32%,3.44,11%,20%,48%,52.9,0.35,0.21,0.49,59%,4.94,29%,45%,70%,Average,135874;139148;144755;145873,4,1,1,2,0,0,878,51%,49%
202324,Academic year,Multi-academy trust,King Edward Vi Academy Trust Birmingham,16826,TR03804,10654935,10065300,West Midlands,136152;137043;137044;137045;137046;137047;138937;143562;147440;148684,10,8,2,0,0,0,10,1,0,9,1480,110,32%,68%,27%,9%,65.2,93%,0.48,0.41,0.56,77%,6.06,48%,54%,61%,52.7,0.08,-0.05,0.21,55%,4.72,27%,33%,46%,70.9,0.68,0.58,0.77,87%,6.67,57%,63%,68%,Above average,136152;136592;137043;137044;137045;137046;137047;138937;143562;147440;148684,11,9,2,0,0,0,1628,32%,68%
202324,Academic year,Multi-academy trust,Eden Learning Trust,17010,TR03809,10980753,10067657,North East,138717;145253;147711;147894,4,3,1,0,0,0,4,0,2,2,673,104,34%,66%,3%,18%,45.4,98%,-0.03,-0.14,0.08,39%,3.82,14%,23%,36%,39.3,-0.27,-0.45,-0.08,27%,3.17,8%,15%,25%,48.5,0.09,-0.04,0.22,45%,4.15,18%,27%,42%,Average,138717;145253;147711;147894,4,3,1,0,0,0,673,34%,66%
202324,Academic year,Multi-academy trust,Emmaus Catholic Academy Trust,17428,TR03926,12206105,10086423,North West,147942;148026;148389,3,0,3,0,0,0,3,2,1,0,534,102.5,41%,59%,20%,18%,40,89%,-0.36,-0.49,-0.24,29%,3.36,6%,10%,16%,34.3,-0.69,-0.89,-0.49,22%,2.87,5%,7%,14%,43.9,-0.15,-0.31,0.02,34%,3.69,7%,12%,17%,Below average,147942;148026;148389,3,0,3,0,0,0,534,41%,59%
