TIME_PERIOD,TIME_IDENTIFIER,TRUST_GROUP_TYPE,TRUST_NAME,TRUST_UID,TRUST_ID,TRUST_COMPANIES_HOUSE_NUMBER,TRUST_UKPRN,TRUST_LEADREGION,INSTITUTIONS_MATPTINC,NUMINST_MATPTINC,NUMINST_CONVERTER_MATPTINC,NUMINST_SPONSOR_MATPTINC,NUMINST_FREE_MATPTINC,NUMINST_STUDIO_MATPTINC,NUMINST_UTC_MATPTINC,NUMINST_FSM6CLA1A_MATPTINC,NUMINST_3_MATPTINC,NUMINST_4_MATPTINC,NUMINST_5PLUS_MATPTINC,TPUP_MATPTINC,KS2ASS_MATPTINC,PFSM6CLA1A_MATPTINC,PNOTFSM6CLA1A_MATPTINC,PEALGRP2_MATPTINC,PSEN_ALL4_MATPTINC,ATT8SCR_WGTAVG,P8MEACOV,P8MEA_WGTAVG,P8CILOW,P8CIUPP,PTL2BASICS_95_WGTAVG,EBACCAPS_WGTAVG,PTEBACC_95_WGTAVG,PTEBACC_94_WGTAVG,PTEBACC_E_PTQ_EE_WGTAVG,ATT8SCR_WGTAVG_FSM6CLA1A,P8MEACOV_FSM6CLA1A,P8MEA_WGTAVG_FSM6CLA1A,P8CILOW_FSM6CLA1A,P8CIUPP_FSM6CLA1A,PTL2BASICS_95_WGTAVG_FSM6CLA1A,EBACCAPS_WGTAVG_FSM6CLA1A,PTEBACC_95_WGTAVG_FSM6CLA1A,PTEBACC_94_WGTAVG_FSM6CLA1A,PTEBACC_E_PTQ_EE_WGTAVG_FSM6CLA1A,ATT8SCR_WGTAVG_NFSM6CLA1A,P8MEACOV_NFSM6CLA1A,P8MEA_WGTAVG_NFSM6CLA1A,P8CILOW_NFSM6CLA1A,P8CIUPP_NFSM6CLA1A,PTL2BASICS_95_WGTAVG_NFSM6CLA1A,EBACCAPS_WGTAVG_NFSM6CLA1A,PTEBACC_95_WGTAVG_NFSM6CLA1A,PTEBACC_94_WGTAVG_NFSM6CLA1A,PTEBACC_E_PTQ_EE_WGTAVG_NFSM6CLA1A,P8_BANDING,INSTITUTIONS_INMAT,NUMINST_INMAT,NUMINST_CONVERTER_INMAT,NUMINST_SPONSOR_INMAT,NUMINST_FREE_INMAT,NUMINST_STUDIO_INMAT,NUMINST_UTC_INMAT,TPUP_INMAT,PFSM6CLA1A_INMAT,PNOTFSM6CLA1A_INMAT
202223,AcademicYear,Multi-academy trusts,ACTIVATE LEARNING EDUCATION TRUST,15710,TR02786,8707909,10060613,South East,139268;141111;142024;145155;145945;146375,6,0,2,0,0,4,6,0,0,6,647,103.8,21%,79%,13%,22%,40.4,89%,-0.68,-0.79,-0.56,34%,3.31,5%,9%,19%,32.5,91%,-0.93,-1.18,-0.68,20%,2.57,1%,1%,9%,42.5,88%,-0.61,-0.74,-0.48,38%,3.51,6%,11%,21%,Well below average,139268;141111;142024;145155;145945;146375,6,0,2,0,0,4,647,21%,79%
202223,AcademicYear,Multi-academy trusts,ACER TRUST,15720,TR01414,9591931,10060976,South East,142104;143984;144008,3,3,0,0,0,0,3,0,0,3,548,105.3,14%,86%,9%,18%,49.4,94%,0.08,-0.04,0.2,52%,4.36,16%,23%,30%,32.5,91%,-0.94,-1.27,-0.6,20%,2.71,4%,7%,12%,52,94%,0.23,0.1,0.36,57%,4.62,18%,26%,33%,Average,142104;143984;144008,3,3,0,0,0,0,548,14%,86%
202223,AcademicYear,Multi-academy trusts,RED KITE LEARNING TRUST,15727,TR00969,7523507,10054307,Yorkshire and the Humber,136497;138304;141883;146247,4,2,1,1,0,0,4,0,1,3,810,104.1,22%,78%,7%,19%,46.9,93%,0,-0.1,0.1,48%,4.21,22%,31%,41%,29.7,95%,-0.7,-0.92,-0.49,19%,2.49,4%,7%,15%,51.7,92%,0.2,0.08,0.31,56%,4.68,27%,37%,47%,Average,136497;138304;141883;146247,4,2,1,1,0,0,810,22%,78%
202223,AcademicYear,Multi-academy trusts,CONSILIUM ACADEMIES,15728,TR00082,9495671,10061209,North East,138314;143059;143845;144199;144200;144937;144990;145490,8,5,3,0,0,0,8,0,0,8,1150,103.9,40%,60%,12%,15%,37.5,94%,-0.86,-0.94,-0.77,27%,3.12,5%,8%,18%,30,93%,-1.31,-1.44,-1.17,16%,2.49,4%,5%,16%,42.5,95%,-0.56,-0.67,-0.45,35%,3.54,6%,10%,20%,Well below average,138314;143059;143845;144199;144200;144937;144990;145490,8,5,3,0,0,0,1150,40%,60%
202223,AcademicYear,Multi-academy trusts,BATLEY MULTI ACADEMY TRUST,15729,TR00147,7732537,10059240,Yorkshire and the Humber,137424;137487;142406,3,1,1,1,0,0,3,1,0,2,520,103,32%,68%,58%,13%,45.7,97%,0.16,0.04,0.29,42%,4.09,17%,24%,53%,39.4,98%,-0.13,-0.35,0.08,33%,3.43,10%,15%,40%,48.6,96%,0.31,0.16,0.46,46%,4.41,21%,28%,59%,Above average,137424;137487;142406,3,1,1,1,0,0,520,32%,68%
202223,AcademicYear,Multi-academy trusts,THE FUTURES TRUST,15732,TR01671,8678162,10060589,West Midlands,140248;142339;145179,3,2,1,0,0,0,3,0,0,3,574,102.5,34%,66%,33%,20%,47.1,94%,0.35,0.23,0.47,46%,4.11,13%,17%,26%,41.5,94%,0.01,-0.2,0.21,36%,3.57,8%,12%,20%,50,93%,0.52,0.37,0.67,51%,4.38,16%,20%,30%,Above average,140248;142339;145179;148417,4,3,1,0,0,0,767,30%,70%
202223,AcademicYear,Multi-academy trusts,THE GREAT SCHOOLS TRUST,15758,TR00892,7641004,10058757,North West,137675;138260;138562,3,0,1,2,0,0,3,0,0,3,324,103.2,47%,53%,22%,19%,41.2,84%,-0.35,-0.52,-0.18,36%,3.79,17%,31%,69%,29.9,77%,-1,-1.26,-0.75,14%,2.67,5%,11%,48%,51,89%,0.15,-0.07,0.37,56%,4.77,28%,49%,87%,Below average,137675;138260;138562,3,0,1,2,0,0,324,47%,53%
202223,AcademicYear,Multi-academy trusts,MAIDEN ERLEGH TRUST,15762,TR01378,7548754,10058569,South East,136637;141886;146103,3,1,1,1,0,0,3,0,0,3,505,104.3,16%,84%,35%,20%,54.1,90%,0.64,0.51,0.77,60%,4.92,30%,41%,65%,40.6,95%,-0.19,-0.51,0.12,35%,3.6,18%,23%,41%,56.7,88%,0.82,0.67,0.96,65%,5.18,33%,44%,69%,Well above average,136637;141886;146103,3,1,1,1,0,0,505,16%,84%
202223,AcademicYear,Multi-academy trusts,CUMBRIA EDUCATION TRUST,15765,TR02488,7698631,10059094,North West,137252;141499;146634,3,1,2,0,0,0,3,0,1,2,430,103.5,28%,72%,1%,19%,42.5,99%,-0.27,-0.4,-0.13,36%,3.7,13%,19%,34%,32,98%,-0.83,-1.08,-0.58,17%,2.69,5%,9%,19%,46.5,99%,-0.05,-0.21,0.11,43%,4.09,15%,23%,40%,Below average,137252;141499;146634,3,1,2,0,0,0,430,28%,72%
202223,AcademicYear,Multi-academy trusts,FINHAM PARK MULTI-ACADEMY TRUST,15766,TR00790,7700317,10059110,West Midlands,136963;141939;142960,3,2,0,1,0,0,3,0,0,3,496,104.6,27%,73%,19%,19%,45.9,93%,-0.19,-0.32,-0.06,43%,4.12,16%,29%,62%,32.8,94%,-0.73,-0.98,-0.48,19%,2.8,7%,11%,36%,50.7,93%,0.01,-0.14,0.16,51%,4.6,20%,35%,71%,Below average,136963;141939;142960;148429,4,3,0,1,0,0,643,28%,72%
202223,AcademicYear,Multi-academy trusts,UNITED ENDEAVOUR TRUST,15863,TR03224,9679560,10061008,West Midlands,142277;142278;145047,3,3,0,0,0,0,3,0,0,3,331,103.3,19%,81%,6%,10%,41.4,97%,-0.33,-0.48,-0.17,33%,3.53,10%,13%,28%,27.4,97%,-1.13,-1.48,-0.78,6%,2.19,2%,3%,17%,44.7,97%,-0.14,-0.31,0.04,40%,3.85,12%,15%,30%,Below average,142277;142278;145047,3,3,0,0,0,0,331,19%,81%
202223,AcademicYear,Multi-academy trusts,GIRLS' LEARNING TRUST,15882,TR01513,7627961,10058720,London,136789;136795;136797,3,3,0,0,0,0,3,0,0,3,644,111.1,SUPPMAT,SUPPMAT,34%,7%,70.9,91%,0.81,0.7,0.93,83%,6.5,49%,57%,63%,SUPPMAT,SUPPMAT,SUPPMAT,SUPPMAT,SUPPMAT,SUPPMAT,SUPPMAT,SUPPMAT,SUPPMAT,SUPPMAT,SUPPMAT,SUPPMAT,SUPPMAT,SUPPMAT,SUPPMAT,SUPPMAT,SUPPMAT,SUPPMAT,SUPPMAT,SUPPMAT,Well above average,136789;136795;136797,3,3,0,0,0,0,644,SUPPMAT,SUPPMAT
202223,AcademicYear,Multi-academy trusts,THE DE FERRERS TRUST,15884,TR00635,7442789,10058411,West Midlands,136414;144069;144533,3,3,0,0,0,0,3,0,0,3,743,103.1,26%,74%,17%,17%,44.2,96%,-0.02,-0.13,0.08,46%,3.81,12%,17%,27%,33.1,97%,-0.53,-0.73,-0.33,21%,2.75,4%,7%,13%,48.2,95%,0.16,0.04,0.28,55%,4.19,15%,21%,32%,Average,136414;144069;144533,3,3,0,0,0,0,743,26%,74%
202223,AcademicYear,Multi-academy trusts,BISHOP CHADWICK CATHOLIC EDUCATION TRUST,16013,TR03359,9940352,10061060,North East,138054;139538;139878;142601,4,4,0,0,0,0,4,2,1,1,776,106.1,23%,77%,14%,12%,49.5,99%,-0.06,-0.16,0.04,45%,4.39,22%,38%,60%,40.2,98%,-0.56,-0.76,-0.35,28%,3.42,12%,19%,43%,52.3,99%,0.09,-0.02,0.21,50%,4.68,25%,43%,66%,Average,138054;139538;139878;142601;148304,5,5,0,0,0,0,897,25%,75%
202223,AcademicYear,Multi-academy trusts,ANGLIAN LEARNING,16031,TR00257,7564749,10058649,East of England,136442;136677;136775;137427;138734;142035,6,5,1,0,0,0,6,2,0,4,1118,105.5,13%,87%,8%,12%,51.7,95%,0.26,0.17,0.35,55%,4.69,27%,32%,40%,35,93%,-0.61,-0.84,-0.37,22%,3.07,7%,11%,19%,54.4,95%,0.4,0.31,0.49,60%,4.95,30%,36%,43%,Above average,136442;136677;136775;137427;138734;142035,6,5,1,0,0,0,1118,13%,87%
202223,AcademicYear,Multi-academy trusts,BISHOP WILKINSON CATHOLIC EDUCATION TRUST,16035,TR00390,7890590,10059486,North East,137851;137852;138172;143583;147142,5,5,0,0,0,0,5,3,1,1,1187,106.4,16%,84%,7%,10%,54,99%,0.31,0.22,0.39,60%,4.8,27%,37%,52%,43.8,98%,-0.1,-0.31,0.11,37%,3.75,12%,22%,36%,56,99%,0.38,0.3,0.47,64%,5,30%,40%,56%,Above average,137851;137852;138172;143583;147142,5,5,0,0,0,0,1187,16%,84%
202223,AcademicYear,Multi-academy trusts,THE SHEFFIELD UTC ACADEMY TRUST,16038,TR01898,7652696,10058801,Yorkshire and the Humber,139695;142605;147685,3,0,0,0,0,3,3,1,0,2,242,104.6,27%,73%,7%,13%,43.7,94%,-0.43,-0.62,-0.25,40%,3.16,0%,0%,0%,36.3,94%,-0.84,-1.19,-0.48,26%,2.68,0%,0%,0%,46.4,94%,-0.29,-0.5,-0.07,45%,3.33,1%,1%,1%,Below average,139695;142605;147685,3,0,0,0,0,3,242,27%,73%
202223,AcademicYear,Multi-academy trusts,THE ROSELAND MULTI ACADEMY TRUST,16049,TR01818,7557817,10058608,South West,136572;137223;145843,3,2,1,0,0,0,3,1,1,1,466,103.7,23%,77%,2%,15%,46.6,95%,0.12,-0.02,0.25,40%,3.89,10%,14%,23%,36.4,92%,-0.36,-0.64,-0.08,22%,2.95,5%,7%,20%,49.4,96%,0.24,0.09,0.39,45%,4.15,11%,16%,24%,Average,136572;137223;145843,3,2,1,0,0,0,466,23%,77%
202223,AcademicYear,Multi-academy trusts,THE WENSUM TRUST,16054,TR01023,7982312,10059670,East of England,138039;138758;145089,3,3,0,0,0,0,3,0,0,3,466,103.2,22%,78%,7%,13%,41.3,98%,-0.3,-0.43,-0.17,33%,3.63,8%,14%,40%,31.4,98%,-0.76,-1.04,-0.48,17%,2.67,3%,9%,23%,44.1,98%,-0.18,-0.32,-0.03,37%,3.9,9%,16%,45%,Below average,138039;138758;145089,3,3,0,0,0,0,466,22%,78%
202223,AcademicYear,Multi-academy trusts,ATHENA LEARNING TRUST,16055,TR01285,8150106,10059947,South West,139155;142540;146567,3,1,1,1,0,0,3,0,1,2,492,103.3,28%,72%,2%,26%,42,96%,-0.3,-0.43,-0.18,43%,3.86,14%,24%,64%,31.6,96%,-0.94,-1.18,-0.69,26%,2.89,9%,13%,46%,45.9,96%,-0.06,-0.21,0.09,50%,4.23,16%,28%,71%,Below average,139155;142540;146567,3,1,1,1,0,0,492,28%,72%
202223,AcademicYear,Multi-academy trusts,THE TWO COUNTIES TRUST,16093,TR00097,7972029,10059639,East Midlands,137158;137981;142725;142741;144391;145109;145966;146451;147400,9,7,2,0,0,0,9,1,1,7,1880,104,28%,72%,4%,16%,43.7,97%,-0.24,-0.3,-0.17,39%,3.72,12%,18%,30%,34.3,96%,-0.72,-0.85,-0.6,22%,2.82,4%,8%,19%,47.2,97%,-0.06,-0.14,0.02,45%,4.06,15%,22%,35%,Below average,137158;137981;142725;142741;144391;145109;145966;146451;147400,9,7,2,0,0,0,1880,28%,72%
202223,AcademicYear,Multi-academy trusts,ASTREA ACADEMY TRUST,16104,TR03436,9791051,10061035,Yorkshire and the Humber,136992;137305;137434;143907;145864;146369;146370;146501,8,4,3,1,0,0,8,0,2,6,1534,103.6,30%,70%,14%,17%,44.2,96%,-0.11,-0.19,-0.04,42%,4.05,18%,28%,51%,33.9,95%,-0.7,-0.83,-0.57,24%,3,7%,13%,34%,48.7,96%,0.14,0.05,0.22,50%,4.5,23%,35%,59%,Below average,136992;137305;137434;143907;145864;146369;146370;146501,8,4,3,1,0,0,1534,30%,70%
202223,AcademicYear,Multi-academy trusts,TOVE LEARNING TRUST,16243,TR01990,7525820,10058513,East Midlands,129342;135335;135956;136488;143421;145736;146209,7,2,5,0,0,0,7,0,3,4,1299,103.7,29%,71%,12%,13%,45.1,94%,-0.06,-0.14,0.02,42%,3.82,10%,13%,21%,37,97%,-0.41,-0.56,-0.27,25%,3.01,2%,4%,11%,48.2,93%,0.08,-0.01,0.18,49%,4.13,13%,17%,25%,Average,129342;135335;135956;136488;143421;145736;146209;148835;149433,9,3,6,0,0,0,1720,30%,70%
202223,AcademicYear,Multi-academy trusts,SOUTH LINCOLNSHIRE ACADEMIES TRUST,16247,TR00265,7559187,10058617,East Midlands,137572;144488;148185,3,2,1,0,0,0,3,1,0,2,646,101.5,22%,78%,24%,19%,46.7,97%,0.56,0.45,0.67,34%,3.67,5%,9%,14%,37.4,96%,0.11,-0.12,0.35,13%,2.83,0%,1%,7%,49.2,97%,0.68,0.56,0.81,40%,3.9,7%,11%,16%,Well above average,137572;144488;148185;149436,4,2,2,0,0,0,760,24%,76%
202223,AcademicYear,Multi-academy trusts,EMPOWER LEARNING ACADEMY TRUST,16251,TR00946,7702119,10059123,London,136576;137197;139307,3,3,0,0,0,0,3,0,0,3,515,104.9,25%,75%,17%,13%,43.4,94%,-0.4,-0.53,-0.28,42%,3.86,12%,19%,55%,34.6,93%,-0.84,-1.1,-0.59,24%,2.95,4%,5%,38%,46.4,95%,-0.25,-0.4,-0.11,48%,4.17,14%,24%,61%,Below average,136576;137197;139307,3,3,0,0,0,0,515,25%,75%
202223,AcademicYear,Multi-academy trusts,DANES EDUCATIONAL TRUST,16254,TR02032,7671949,10058906,East of England,136901;144402;147246;147535,4,3,0,1,0,0,4,0,2,2,718,106.3,14%,86%,18%,15%,54.9,93%,0.36,0.25,0.47,62%,5.05,33%,44%,63%,39.3,94%,-0.34,-0.63,-0.06,25%,3.35,9%,17%,36%,57.4,93%,0.47,0.36,0.59,68%,5.32,37%,48%,67%,Above average,136901;139416;144402;147246;147535,5,3,0,1,0,1,804,15%,85%
202223,AcademicYear,Multi-academy trusts,THE SIGMA TRUST,16257,TR00517,7926573,10059545,East of England,137927;137937;137944;138084;145061;146794;146795,7,6,1,0,0,0,7,0,2,5,1688,103.4,23%,77%,6%,12%,43.2,97%,-0.15,-0.22,-0.08,38%,3.59,10%,15%,24%,32.7,98%,-0.65,-0.79,-0.51,18%,2.58,2%,5%,10%,46.4,96%,0.01,-0.07,0.08,43%,3.9,12%,18%,28%,Below average,137927;137937;137944;138084;145061;146794;146795,7,6,1,0,0,0,1688,23%,77%
202223,AcademicYear,Multi-academy trusts,XAVIER CATHOLIC EDUCATION TRUST,16307,TR03468,10236797,10057399,South East,143367;143369;147430,3,3,0,0,0,0,3,1,0,2,725,106.8,8%,92%,21%,14%,61.6,92%,0.95,0.84,1.06,74%,5.47,31%,40%,52%,48.3,93%,0.53,0.14,0.92,43%,4.1,15%,17%,32%,62.7,92%,0.99,0.87,1.1,76%,5.58,33%,42%,53%,Well above average,143367;143369;147430,3,3,0,0,0,0,725,8%,92%
202223,AcademicYear,Multi-academy trusts,SAPIENTIA EDUCATION TRUST,16336,TR02551,7466353,10058443,East of England,136481;137901;139572;140534;145776;146144,6,5,1,0,0,0,6,2,0,4,774,103.9,15%,85%,7%,17%,49.2,92%,0.22,0.12,0.32,50%,4.45,16%,28%,50%,39.1,98%,-0.27,-0.52,-0.01,29%,3.43,8%,13%,34%,50.9,91%,0.31,0.2,0.42,53%,4.62,18%,30%,52%,Above average,135904;136481;137901;139572;140534;145776;146144,7,5,2,0,0,0,897,20%,80%
202223,AcademicYear,Multi-academy trusts,LIGHTHOUSE SCHOOLS PARTNERSHIP,16340,TR00876,7662102,10058855,South West,136722;136856;145482,3,3,0,0,0,0,3,0,0,3,787,105.3,11%,89%,2%,17%,50.5,99%,0.17,0.07,0.27,51%,4.6,26%,37%,57%,36.2,97%,-0.5,-0.79,-0.2,23%,3.22,10%,16%,39%,52.4,99%,0.26,0.15,0.36,55%,4.78,28%,40%,59%,Above average,136722;136856;145482,3,3,0,0,0,0,787,11%,89%
202223,AcademicYear,Multi-academy trusts,COMMUNITY SCHOOLS TRUST,16390,TR03549,10337377,10064174,London,143274;145113;147653,3,1,1,1,0,0,3,1,0,2,607,104.5,49%,51%,57%,10%,54,83%,0.78,0.65,0.9,61%,4.96,30%,44%,81%,49.2,81%,0.54,0.36,0.71,50%,4.47,25%,37%,75%,58.5,84%,1,0.82,1.17,71%,5.42,35%,50%,87%,Well above average,141086;143274;145113;147653,4,1,1,1,0,1,720,45%,55%
202223,AcademicYear,Multi-academy trusts,EASTERN LEARNING ALLIANCE,16402,TR01146,7899393,10059505,East of England,136887;137547;137826;145196,4,3,1,0,0,0,4,2,0,2,722,104.8,20%,80%,12%,20%,53.1,96%,0.44,0.33,0.54,53%,4.92,30%,39%,50%,37.3,98%,-0.31,-0.55,-0.08,22%,3.27,7%,12%,25%,56.9,95%,0.62,0.5,0.74,61%,5.32,36%,46%,56%,Above average,136887;137547;137826;145196,4,3,1,0,0,0,722,20%,80%
202223,AcademicYear,Multi-academy trusts,THE PRIORY LEARNING TRUST,16417,TR01687,7698707,10059096,South West,137300;143137;146439,3,1,2,0,0,0,3,0,1,2,806,103.3,21%,79%,5%,12%,41.2,98%,-0.31,-0.41,-0.21,34%,3.42,7%,11%,19%,29.4,97%,-1.01,-1.22,-0.79,16%,2.38,2%,3%,14%,44.4,98%,-0.13,-0.24,-0.02,38%,3.7,8%,13%,21%,Below average,137300;143137;146439,3,1,2,0,0,0,806,21%,79%
202223,AcademicYear,Multi-academy trusts,THE LEARNING TRUST,16429,TR00495,7523884,10058507,North West,136645;143817;144742,3,1,1,0,1,0,3,0,0,3,398,105.8,21%,79%,7%,10%,51.1,86%,0.18,0.03,0.33,52%,4.59,22%,31%,50%,37.9,88%,-0.54,-0.87,-0.22,25%,3.33,11%,14%,43%,54.6,86%,0.38,0.21,0.55,59%,4.93,25%,35%,52%,Above average,136645;143817;144742,3,1,1,0,1,0,398,21%,79%
202223,AcademicYear,Multi-academy trusts,LIFE MULTI-ACADEMY TRUST,16430,TR00255,7992438,10059702,East Midlands,137969;143844;147902,3,3,0,0,0,0,3,1,0,2,605,103.7,21%,79%,11%,13%,42.3,98%,-0.26,-0.37,-0.14,46%,3.81,10%,19%,53%,30.2,98%,-0.92,-1.17,-0.67,23%,2.66,5%,11%,39%,45.7,97%,-0.07,-0.2,0.06,52%,4.13,11%,22%,57%,Below average,137969;143844;147902;148549,4,4,0,0,0,0,1112,20%,80%
202223,AcademicYear,Multi-academy trusts,REACH SOUTH ACADEMY TRUST,16503,TR03589,10151730,10064245,South West,146386;146560;147905,3,0,0,2,0,1,3,1,1,1,234,101,40%,60%,16%,19%,30.7,90%,-0.94,-1.13,-0.75,12%,2.42,1%,2%,12%,23.5,91%,-1.39,-1.69,-1.09,5%,1.82,0%,0%,6%,35.1,89%,-0.66,-0.91,-0.41,17%,2.79,1%,4%,16%,Well below average,146386;146560;147905,3,0,0,2,0,1,234,40%,60%
202223,AcademicYear,Multi-academy trusts,SFAET LTD,16518,TR01762,7689980,10058976,London,137396;143877;146309,3,2,1,0,0,0,3,0,0,3,452,105.1,24%,76%,15%,14%,47.2,94%,-0.08,-0.21,0.05,48%,4.42,28%,42%,71%,37,94%,-0.59,-0.86,-0.32,28%,3.37,11%,20%,51%,50.4,94%,0.08,-0.07,0.24,55%,4.76,34%,49%,78%,Average,137396;143877;146309,3,2,1,0,0,0,452,24%,76%
202223,AcademicYear,Multi-academy trusts,SOUTH EAST SURREY SCHOOLS EDUCATION TRUST,16540,TR03597,10479401,10064268,South East,143901;143902;143903,3,3,0,0,0,0,3,0,0,3,611,105.4,18%,82%,7%,17%,48.9,96%,-0.01,-0.12,0.11,47%,4.43,19%,29%,49%,32.3,97%,-0.89,-1.16,-0.61,20%,2.84,3%,9%,28%,52.4,95%,0.18,0.06,0.31,53%,4.77,22%,34%,53%,Average,143901;143902;143903,3,3,0,0,0,0,611,18%,82%
202223,AcademicYear,Multi-academy trusts,EMMANUEL SCHOOLS FOUNDATION,16552,TR03704,4464331,10064192,North East,134223;135007;135619;138567;147178,5,1,3,1,0,0,5,0,2,3,896,104.1,35%,65%,6%,18%,41.9,97%,-0.45,-0.54,-0.35,34%,3.6,12%,20%,30%,32.5,96%,-0.92,-1.08,-0.76,16%,2.68,3%,7%,18%,46.8,97%,-0.21,-0.32,-0.09,44%,4.08,17%,27%,37%,Below average,134223;135007;135619;138567;147178,5,1,3,1,0,0,896,35%,65%
202223,AcademicYear,Multi-academy trusts,STOUR VALE ACADEMY TRUST,16572,TR00704,7865663,10059465,West Midlands,137812;139872;141712,3,3,0,0,0,0,3,0,0,3,624,104,25%,75%,4%,13%,45,98%,-0.14,-0.25,-0.03,41%,4,18%,29%,45%,35.6,97%,-0.73,-0.95,-0.5,26%,3.06,8%,13%,27%,48,99%,0.05,-0.08,0.18,46%,4.31,22%,34%,51%,Below average,137701;137812;139872;141712,4,4,0,0,0,0,909,30%,70%
202223,AcademicYear,Multi-academy trusts,ZENITH MULTI ACADEMY TRUST,16575,TR01255,7559293,10058621,East of England,136577;138865;147031,3,2,1,0,0,0,3,0,1,2,663,104.6,22%,78%,3%,14%,46,98%,-0.16,-0.27,-0.05,40%,3.98,19%,31%,41%,36,99%,-0.65,-0.88,-0.43,23%,3.02,8%,19%,26%,48.8,97%,-0.01,-0.14,0.11,45%,4.26,22%,34%,45%,Below average,136577;138865;147031,3,2,1,0,0,0,663,22%,78%
202223,AcademicYear,Multi-academy trusts,THE BAY LEARNING TRUST,16599,TR01795,7588464,10058677,North West,136731;145082;147115;147260,4,3,1,0,0,0,4,1,1,2,702,103.2,24%,76%,6%,13%,43.6,96%,-0.14,-0.25,-0.04,38%,3.67,5%,10%,20%,31.1,95%,-0.85,-1.07,-0.63,16%,2.53,2%,4%,12%,47.3,97%,0.06,-0.06,0.18,44%,4,6%,11%,22%,Below average,136731;145082;147115;147260,4,3,1,0,0,0,702,24%,76%
202223,AcademicYear,Multi-academy trusts,STOWE VALLEY MULTI ACADEMY TRUST,16616,TR03608,10445759,10064277,West Midlands,143905;145575;147432,3,2,1,0,0,0,3,0,1,2,597,104.2,17%,83%,7%,19%,48.6,97%,0.19,0.08,0.31,48%,4.16,11%,18%,26%,35.4,96%,-0.32,-0.6,-0.05,25%,2.9,1%,1%,7%,51.3,97%,0.3,0.17,0.43,53%,4.42,13%,21%,30%,Above average,143905;145575;147432,3,2,1,0,0,0,597,17%,83%
202223,AcademicYear,Multi-academy trusts,WEYDON MULTI ACADEMY TRUST,16644,TR02463,7552535,10058582,South East,136531;137314;144520,3,3,0,0,0,0,3,0,0,3,686,107.2,10%,90%,6%,13%,54.8,95%,0.21,0.1,0.32,58%,4.87,23%,31%,39%,34.9,100%,-0.74,-1.07,-0.41,24%,2.94,7%,7%,15%,57.1,94%,0.33,0.21,0.44,63%,5.09,25%,34%,42%,Above average,136531;137019;137314;144520,4,4,0,0,0,0,869,11%,89%
202223,AcademicYear,Multi-academy trusts,MAGNA LEARNING PARTNERSHIP,16649,TR02045,7865850,10059466,South West,136183;144388;144389,3,2,1,0,0,0,3,0,0,3,514,103.1,17%,83%,6%,17%,42.5,96%,-0.14,-0.27,-0.02,37%,3.62,9%,13%,19%,30.5,98%,-0.88,-1.18,-0.58,11%,2.51,2%,2%,10%,45,96%,0.01,-0.12,0.15,42%,3.85,10%,15%,20%,Below average,136183;144388;144389,3,2,1,0,0,0,514,17%,83%
202223,AcademicYear,Multi-academy trusts,WAVENEY VALLEY ACADEMIES TRUST,16656,TR01927,7682294,10058936,East of England,137055;141236;145055,3,1,2,0,0,0,3,0,1,2,465,103.5,20%,80%,2%,13%,44.6,98%,-0.05,-0.18,0.08,38%,3.71,6%,10%,19%,34.6,98%,-0.48,-0.77,-0.19,20%,2.87,3%,6%,15%,47,98%,0.05,-0.09,0.2,43%,3.92,7%,11%,21%,Average,137055;141236;145055,3,1,2,0,0,0,465,20%,80%
202223,AcademicYear,Multi-academy trusts,MULBERRY SCHOOLS TRUST,16669,TR03507,10035860,10064234,London,137789;143629;144756,3,2,0,0,0,1,3,0,0,3,400,105.3,56%,44%,70%,13%,52.7,94%,0.43,0.29,0.58,55%,4.76,28%,40%,81%,48,94%,0.14,-0.05,0.33,46%,4.26,20%,30%,75%,58.6,93%,0.8,0.59,1.02,67%,5.39,38%,51%,88%,Above average,137789;143629;144700;144756,4,3,0,0,0,1,587,53%,47%
202223,AcademicYear,Multi-academy trusts,ENRICH LEARNING TRUST,16674,TR02552,7725111,10059209,East of England,137461;144018;144316;147505,4,3,1,0,0,0,4,1,1,2,737,104.4,18%,82%,4%,13%,49.2,98%,0.24,0.14,0.34,48%,4.53,21%,33%,66%,37.5,95%,-0.32,-0.56,-0.07,24%,3.39,7%,14%,50%,51.7,98%,0.35,0.24,0.46,53%,4.76,24%,37%,70%,Above average,137461;144018;144316;147505,4,3,1,0,0,0,737,18%,82%
202223,AcademicYear,Multi-academy trusts,ROYAL WOOTTON BASSETT ACADEMY TRUST,16676,TR01828,7569743,10058663,South West,135804;136911;137650;144773,4,3,1,0,0,0,4,1,1,2,779,103.2,21%,79%,15%,20%,44,92%,-0.01,-0.11,0.09,41%,3.85,14%,22%,40%,30.5,91%,-0.86,-1.09,-0.64,19%,2.59,5%,9%,26%,47.6,92%,0.21,0.1,0.33,46%,4.18,16%,25%,44%,Average,135804;136911;137650;144773,4,3,1,0,0,0,779,21%,79%
202223,AcademicYear,Multi-academy trusts,THE CHALLENGE ACADEMY TRUST,16682,TR03727,10689247,10064284,North West,139196;141598;144799;145157;146765,5,2,3,0,0,0,5,0,1,4,851,104.3,24%,76%,9%,18%,48.3,95%,0.07,-0.03,0.16,45%,4.16,14%,21%,40%,38.2,97%,-0.39,-0.58,-0.19,25%,3.26,8%,17%,40%,51.4,94%,0.21,0.1,0.32,52%,4.44,15%,22%,41%,Average,139196;141598;144799;145157;146765,5,2,3,0,0,0,851,24%,76%
202223,AcademicYear,Multi-academy trusts,SHERBORNE AREA SCHOOLS' TRUST,16706,TR02267,8130468,10059883,South West,138471;140898;147016,3,2,1,0,0,0,3,1,1,1,475,103.8,22%,78%,7%,15%,45.9,96%,-0.08,-0.21,0.05,38%,4.05,17%,25%,35%,34.8,99%,-0.53,-0.81,-0.26,14%,2.98,6%,12%,19%,48.9,95%,0.04,-0.1,0.19,45%,4.34,20%,29%,40%,Average,138471;140898;147016,3,2,1,0,0,0,475,22%,78%
202223,AcademicYear,Multi-academy trusts,SOUTH SUFFOLK LEARNING TRUST,16707,TR00707,7682993,10058940,East of England,136195;136918;137218;144214,4,3,1,0,0,0,4,0,1,3,622,103.7,22%,78%,5%,17%,43.8,96%,-0.13,-0.25,-0.02,37%,3.74,10%,14%,21%,33.1,95%,-0.69,-0.93,-0.45,15%,2.72,3%,4%,11%,46.7,96%,0.02,-0.11,0.14,43%,4.01,12%,17%,24%,Below average,136195;136918;137218;144214,4,3,1,0,0,0,622,22%,78%
202223,AcademicYear,Multi-academy trusts,ADVANCE LEARNING PARTNERSHIP,16711,TR01611,7928558,10059549,North East,137903;144991;145564;147122;148109,5,3,2,0,0,0,5,1,1,3,632,105,35%,65%,2%,18%,46.7,98%,-0.13,-0.24,-0.02,41%,3.78,14%,20%,29%,37.4,97%,-0.62,-0.81,-0.43,23%,2.92,6%,9%,17%,51.6,99%,0.12,-0.02,0.26,50%,4.24,18%,25%,34%,Below average,137903;144991;145564;147122;148109;148706,6,4,2,0,0,0,765,35%,65%
202223,AcademicYear,Multi-academy trusts,ALBAN ACADEMIES TRUST,16752,TR01869,7523557,10058506,East of England,136609;137038;146305,3,2,1,0,0,0,3,0,0,3,568,105.6,15%,85%,11%,27%,53.6,93%,0.37,0.25,0.49,60%,4.76,21%,32%,53%,33.3,96%,-0.54,-0.85,-0.23,14%,2.71,4%,6%,22%,57.1,93%,0.54,0.4,0.67,68%,5.11,24%,36%,58%,Above average,136609;137038;146305,3,2,1,0,0,0,568,15%,85%
202223,AcademicYear,Multi-academy trusts,BISHOP BEWICK CATHOLIC EDUCATION TRUST,16761,TR01843,7841435,10059424,North East,137708;140081;141814,3,3,0,0,0,0,3,2,0,1,658,105.9,27%,73%,16%,13%,52.1,98%,0.2,0.09,0.31,50%,4.55,24%,33%,45%,41.6,97%,-0.27,-0.48,-0.06,32%,3.51,12%,20%,38%,56,98%,0.38,0.25,0.5,57%,4.94,28%,38%,48%,Above average,137708;137734;137900;140081;141814,5,5,0,0,0,0,1113,27%,73%
202223,AcademicYear,Multi-academy trusts,DUDLEY ACADEMIES TRUST,16764,TR03705,10897797,10066093,West Midlands,137390;137705;144657;144952,4,3,1,0,0,0,4,0,0,4,589,100.1,45%,55%,23%,16%,39.2,92%,0.03,-0.09,0.15,31%,3.22,4%,7%,12%,33,92%,-0.39,-0.57,-0.22,17%,2.71,3%,4%,11%,44.3,92%,0.38,0.22,0.54,43%,3.65,5%,8%,14%,Average,137390;137705;144657;144952,4,3,1,0,0,0,589,45%,55%
202223,AcademicYear,Multi-academy trusts,KING EDWARD VI ACADEMY TRUST BIRMINGHAM,16826,TR03804,10654935,10065300,West Midlands,136152;137043;137044;137045;137046;137047;138937;143562;147440,9,7,2,0,0,0,9,0,1,8,1331,110.4,28%,72%,31%,10%,66.4,92%,0.49,0.41,0.57,80%,6.09,47%,52%,57%,55.1,95%,0.2,0.05,0.34,58%,4.89,31%,35%,43%,70.6,91%,0.61,0.52,0.7,88%,6.54,53%,58%,63%,Above average,136152;136592;137043;137044;137045;137046;137047;138937;143562;147440;148684,11,9,2,0,0,0,1633,30%,70%
202223,AcademicYear,Multi-academy trusts,THOMAS TELFORD MULTI ACADEMY TRUST,16830,TR01870,4798185,10058173,West Midlands,133697;134993;135149;140160,4,0,3,0,0,1,4,1,0,3,682,104.8,30%,70%,19%,13%,46.9,98%,-0.06,-0.17,0.04,44%,4.06,15%,26%,46%,39.7,98%,-0.37,-0.56,-0.17,30%,3.3,9%,16%,32%,50.1,98%,0.07,-0.06,0.19,50%,4.38,17%,30%,52%,Average,133697;134993;135149;140160,4,0,3,0,0,1,682,30%,70%
202223,AcademicYear,Multi-academy trusts,PROSPERE LEARNING TRUST,16846,TR03794,10872612,10066112,North West,135874;139148;144755;145873,4,1,1,2,0,0,4,2,0,2,925,104.6,47%,53%,23%,21%,46.6,95%,-0.13,-0.22,-0.04,49%,4.19,19%,30%,60%,37.7,97%,-0.61,-0.75,-0.48,31%,3.26,8%,15%,49%,53.6,93%,0.26,0.13,0.39,63%,4.92,27%,41%,70%,Below average,135874;139148;144755;145873,4,1,1,2,0,0,925,47%,53%
202223,AcademicYear,Multi-academy trusts,THE BISHOP FRASER TRUST,16888,TR03689,11005401,10067113,North West,144044;144046;145314,3,3,0,0,0,0,3,0,0,3,653,105.7,26%,74%,12%,12%,48.3,96%,-0.14,-0.25,-0.03,50%,4.06,14%,19%,27%,35,96%,-0.74,-0.96,-0.52,29%,2.83,5%,6%,16%,52.9,97%,0.06,-0.06,0.19,58%,4.49,17%,24%,30%,Below average,144044;144046;145314;148866,4,4,0,0,0,0,828,23%,77%
202223,AcademicYear,Multi-academy trusts,DARTMOOR MULTI ACADEMY TRUST,16913,TR03738,11075564,10067101,South West,145336;145337;145343,3,3,0,0,0,0,3,0,0,3,603,104.4,22%,78%,2%,16%,43.8,96%,-0.29,-0.4,-0.17,40%,3.78,10%,20%,40%,32.5,95%,-0.87,-1.12,-0.62,18%,2.74,2%,5%,27%,46.9,96%,-0.13,-0.26,0,46%,4.07,12%,24%,44%,Below average,145336;145337;145343,3,3,0,0,0,0,603,22%,78%
202223,AcademicYear,Multi-academy trusts,THE MERCIAN TRUST,16926,TR01715,7611347,10058703,West Midlands,136620;136773;136777;137974;139789,5,4,0,0,1,0,5,0,0,5,818,107.5,25%,75%,19%,11%,52.3,97%,-0.15,-0.25,-0.05,57%,4.71,29%,36%,49%,38.6,99%,-0.92,-1.11,-0.73,35%,3.34,14%,18%,32%,57,97%,0.12,0.01,0.23,64%,5.17,34%,43%,55%,Below average,135449;136620;136773;136777;137974;139789;141698;146383,8,4,3,0,1,0,1501,29%,71%
202223,AcademicYear,Multi-academy trusts,LEARNING COMMUNITY TRUST,16959,TR03737,10846393,10067120,West Midlands,142821;144853;145707,3,2,1,0,0,0,3,0,1,2,611,103.8,24%,76%,16%,17%,43.3,95%,-0.24,-0.35,-0.12,34%,3.74,11%,18%,41%,34.4,95%,-0.62,-0.85,-0.38,20%,2.95,5%,9%,36%,46.1,95%,-0.11,-0.25,0.02,38%,3.99,14%,21%,42%,Below average,142821;144853;145707,3,2,1,0,0,0,611,24%,76%
202223,AcademicYear,Multi-academy trusts,ALPHA TRUST,16995,TR00537,7755713,10059294,East of England,137515;137926;137945,3,3,0,0,0,0,3,0,1,2,656,106.6,SUPPMAT,SUPPMAT,14%,8%,57.6,93%,0.44,0.33,0.56,59%,5.28,33%,40%,49%,SUPPMAT,SUPPMAT,SUPPMAT,SUPPMAT,SUPPMAT,SUPPMAT,SUPPMAT,SUPPMAT,SUPPMAT,SUPPMAT,SUPPMAT,SUPPMAT,SUPPMAT,SUPPMAT,SUPPMAT,SUPPMAT,SUPPMAT,SUPPMAT,SUPPMAT,SUPPMAT,Above average,137515;137926;137945,3,3,0,0,0,0,656,SUPPMAT,SUPPMAT
202223,AcademicYear,Multi-academy trusts,EDEN LEARNING TRUST,17010,TR03809,10980753,10067657,North East,138717;145253;147711;147894,4,3,1,0,0,0,4,2,0,2,646,105.1,36%,64%,2%,14%,47.3,97%,-0.06,-0.17,0.05,41%,3.82,15%,21%,29%,39.6,96%,-0.24,-0.42,-0.05,25%,3.01,7%,9%,14%,51.9,98%,0.05,-0.09,0.19,51%,4.3,20%,28%,38%,Average,138717;145253;147711;147894,4,3,1,0,0,0,646,36%,64%
202223,AcademicYear,Multi-academy trusts,LEADING EDGE ACADEMIES PARTNERSHIP,17055,TR01470,7657923,10058841,South West,136873;140836;144638,3,1,2,0,0,0,3,0,2,1,326,104.9,SUPPMAT,SUPPMAT,1%,16%,44.4,97%,-0.37,-0.52,-0.21,43%,3.82,12%,19%,38%,SUPPMAT,SUPPMAT,SUPPMAT,SUPPMAT,SUPPMAT,SUPPMAT,SUPPMAT,SUPPMAT,SUPPMAT,SUPPMAT,SUPPMAT,SUPPMAT,SUPPMAT,SUPPMAT,SUPPMAT,SUPPMAT,SUPPMAT,SUPPMAT,SUPPMAT,SUPPMAT,Below average,136873;140836;144638,3,1,2,0,0,0,326,SUPPMAT,SUPPMAT
202223,AcademicYear,Multi-academy trusts,CHORUS EDUCATION TRUST,17155,TR01920,8289609,10060171,Yorkshire and the Humber,139167;145562;147533,3,1,2,0,0,0,3,0,2,1,572,104.1,22%,78%,10%,11%,48.7,98%,0.11,0,0.23,50%,4.32,21%,30%,46%,33.3,98%,-0.51,-0.76,-0.27,24%,2.79,4%,13%,29%,53,98%,0.29,0.16,0.42,58%,4.74,26%,35%,50%,Average,139167;145562;147533,3,1,2,0,0,0,572,22%,78%
202223,AcademicYear,Multi-academy trusts,EAST ANGLIAN SCHOOLS TRUST LTD,17335,TR00774,7667407,10058884,East of England,136834;136969;136998,3,3,0,0,0,0,3,0,2,1,764,104.5,17%,83%,4%,13%,47.5,97%,0.05,-0.06,0.15,46%,4.02,11%,14%,21%,35,98%,-0.54,-0.78,-0.29,25%,2.92,4%,7%,14%,50,97%,0.17,0.05,0.28,50%,4.24,13%,16%,22%,Average,136834;136969;136998,3,3,0,0,0,0,764,17%,83%
202223,AcademicYear,Multi-academy trusts,ABBEY MULTI ACADEMY TRUST,2046,TR00002,7705552,10059141,Yorkshire and the Humber,137036;137083;144809,3,1,2,0,0,0,3,0,0,3,641,104,26%,74%,19%,14%,45.7,95%,-0.02,-0.13,0.09,44%,3.9,12%,19%,32%,34.5,89%,-0.48,-0.71,-0.25,22%,2.85,4%,8%,17%,49.6,97%,0.13,0,0.26,51%,4.28,15%,23%,37%,Average,137036;137083;144809,3,1,2,0,0,0,641,26%,74%
202223,AcademicYear,Multi-academy trusts,ACADEMIES ENTERPRISE TRUST,2053,TR00008,6625091,10033736,East of England,133768;135651;135652;135653;135957;136147;136208;136753;137138;137188;138435;138439;138585;138728;138920;138985;139047;139048;139118;139276;139334,21,2,19,0,0,0,21,0,0,21,3671,103.1,35%,65%,17%,17%,42.4,93%,-0.2,-0.24,-0.15,38%,3.58,10%,17%,34%,34.6,95%,-0.59,-0.67,-0.52,24%,2.85,5%,10%,28%,46.6,92%,0.03,-0.03,0.09,46%,3.98,13%,21%,37%,Below average,133768;135651;135652;135653;135957;136147;136208;136753;137138;137188;138435;138439;138585;138728;138920;138985;139047;139048;139118;139276;139334,21,2,19,0,0,0,3671,35%,65%
202223,AcademicYear,Multi-academy trusts,ACADEMY TRANSFORMATION TRUST,2062,TR00015,7846852,10039859,East of England,138918;139043;139058;139062;139063;139288;139578;139867;139937;142594,10,4,6,0,0,0,10,0,0,10,1532,102.1,32%,68%,14%,15%,40.7,95%,-0.17,-0.24,-0.1,33%,3.58,11%,21%,52%,32.9,96%,-0.6,-0.73,-0.47,20%,2.81,5%,11%,39%,44.3,94%,0.03,-0.05,0.12,39%,3.93,15%,26%,58%,Below average,138918;139043;139058;139062;139063;139288;139578;139867;139937;142594,10,4,6,0,0,0,1532,32%,68%
202223,AcademicYear,Multi-academy trusts,THE ACTIVE LEARNING TRUST LIMITED,2075,TR00024,7903002,10059514,East of England,138177;138373;139272;140881,4,1,3,0,0,0,4,0,0,4,753,102.5,28%,72%,7%,16%,38.1,97%,-0.51,-0.61,-0.41,27%,3.26,7%,12%,26%,29.3,96%,-0.93,-1.13,-0.74,13%,2.5,4%,7%,24%,41.5,98%,-0.35,-0.47,-0.23,33%,3.55,8%,14%,27%,Well below average,138177;138373;139272;140881,4,1,3,0,0,0,753,28%,72%
202223,AcademicYear,Multi-academy trusts,ALDRIDGE EDUCATION,2096,TR00628,5670663,10058195,North West,135580;136164;137063;139924;141321;144900;146303,7,1,4,0,1,1,7,0,0,7,1018,102.4,36%,64%,19%,16%,39.8,92%,-0.35,-0.44,-0.26,31%,3.37,8%,12%,24%,30.5,93%,-0.77,-0.92,-0.62,16%,2.53,3%,6%,17%,44.9,91%,-0.12,-0.23,0,40%,3.83,11%,16%,28%,Below average,135580;136164;137063;139924;141321;144900;146303,7,1,4,0,1,1,1018,36%,64%
202223,AcademicYear,Multi-academy trusts,AMBITIONS ACADEMIES TRUST,2128,TR02316,7977940,10059666,South West,136206;138385;139037;147214;147291,5,2,2,0,1,0,5,0,2,3,647,101.9,35%,65%,7%,21%,36.2,94%,-0.57,-0.68,-0.45,26%,2.96,3%,6%,12%,28.5,96%,-0.96,-1.15,-0.77,14%,2.28,0%,1%,5%,40.4,93%,-0.34,-0.48,-0.2,33%,3.33,5%,9%,16%,Well below average,136206;138385;139037;147214;147291,5,2,2,0,1,0,647,35%,65%
202223,AcademicYear,Multi-academy trusts,ARK SCHOOLS,2157,TR00081,5112090,10044534,London,131752;135242;135315;135389;135584;135600;135965;135970;137578;138245;138267;138518;138681;139718;139815;139821;140014;141019;141752;146318,20,1,15,4,0,0,20,0,0,20,3017,102.9,52%,48%,49%,17%,45.2,90%,0.14,0.09,0.2,44%,4.1,17%,27%,52%,41,92%,-0.09,-0.17,-0.02,36%,3.68,12%,21%,48%,49.8,88%,0.41,0.33,0.49,53%,4.55,23%,34%,57%,Above average,131752;135242;135315;135389;135584;135600;135965;135970;137578;138245;138267;138518;138681;139718;139815;139821;140014;141019;141752;146318,20,1,15,4,0,0,3017,52%,48%
202223,AcademicYear,Multi-academy trusts,THE ARTHUR TERRY LEARNING PARTNERSHIP,2166,TR00089,7730920,10034759,West Midlands,136986;138136;138137;144721;146493,5,4,1,0,0,0,5,0,2,3,910,104.4,30%,70%,8%,17%,43.6,96%,-0.34,-0.43,-0.25,40%,3.92,17%,30%,50%,32.1,97%,-0.87,-1.04,-0.69,21%,2.85,9%,14%,35%,48.4,96%,-0.12,-0.23,-0.01,47%,4.37,20%,36%,56%,Below average,136986;137209;138136;138137;144721;146493,6,5,1,0,0,0,1095,29%,71%
202223,AcademicYear,Multi-academy trusts,ASPIRATIONS ACADEMIES TRUST,2186,TR00103,7867577,10059468,London,137009;138499;139711;140886;142126;145119;145121;147443,8,1,5,0,2,0,8,0,1,7,1025,103.7,30%,70%,18%,17%,40.1,93%,-0.48,-0.57,-0.4,32%,3.59,9%,16%,43%,32.8,95%,-0.92,-1.09,-0.76,20%,2.87,4%,9%,33%,43.3,93%,-0.29,-0.4,-0.18,37%,3.89,11%,20%,48%,Below average,137009;138499;139711;140886;142126;145119;145121;147443,8,1,5,0,2,0,1025,30%,70%
202223,AcademicYear,Multi-academy trusts,ASTON COMMUNITY EDUCATION TRUST,2195,TR00105,7577113,10058668,Yorkshire and the Humber,136127;136718;143141,3,1,2,0,0,0,3,0,0,3,597,103.2,25%,75%,6%,16%,41.7,98%,-0.32,-0.43,-0.21,40%,3.64,12%,21%,45%,31.2,96%,-0.81,-1.04,-0.58,20%,2.64,3%,10%,30%,45.3,99%,-0.16,-0.29,-0.02,47%,3.99,15%,25%,50%,Below average,136127;136718;143141,3,1,2,0,0,0,597,25%,75%
202223,AcademicYear,Multi-academy trusts,AVANTI SCHOOLS TRUST,2209,TR00112,7506598,10058487,London,138227;143679;147650,3,0,0,3,0,0,3,1,0,2,318,105.5,13%,87%,32%,8%,56.2,84%,0.79,0.62,0.96,68%,5.33,39%,53%,76%,47.6,83%,0.44,-0.04,0.91,46%,4.4,24%,40%,57%,57.4,84%,0.84,0.65,1.02,70%,5.45,41%,55%,79%,Well above average,138227;143679;147650,3,0,0,3,0,0,318,13%,87%
202223,AcademicYear,Multi-academy trusts,BECKFOOT TRUST,2270,TR00163,8155088,10059960,Yorkshire and the Humber,139975;142031;143112;143114,4,1,3,0,0,0,4,0,0,4,934,103.1,31%,69%,22%,26%,41.6,98%,-0.26,-0.35,-0.17,37%,3.44,6%,8%,11%,32.3,96%,-0.68,-0.84,-0.51,23%,2.65,3%,4%,7%,45.8,98%,-0.07,-0.18,0.04,44%,3.8,7%,10%,13%,Below average,139975;142031;143112;143114,4,1,3,0,0,0,934,31%,69%
202223,AcademicYear,Multi-academy trusts,ST THOMAS AQUINAS CATHOLIC MULTI ACADEMY TRUST,2354,TR00235,8090890,10059818,East Midlands,138290;138298;146196;146232,4,4,0,0,0,0,4,0,0,4,800,105.3,15%,85%,34%,10%,51.9,95%,0.34,0.24,0.44,52%,4.58,24%,32%,41%,40.5,97%,-0.44,-0.69,-0.18,30%,3.44,8%,12%,24%,53.9,95%,0.47,0.37,0.58,56%,4.78,27%,35%,44%,Above average,138290;138298;146196;146232,4,4,0,0,0,0,800,15%,85%
202223,AcademicYear,Multi-academy trusts,ARCHWAY LEARNING TRUST,2363,TR00242,7875164,10052837,East Midlands,137798;139765;140369;145146,4,3,1,0,0,0,4,0,0,4,713,103.3,48%,52%,31%,17%,43.8,96%,-0.13,-0.23,-0.02,37%,3.7,11%,17%,25%,38.3,96%,-0.46,-0.61,-0.3,28%,3.22,8%,13%,22%,48.8,97%,0.17,0.02,0.32,45%,4.14,14%,20%,28%,Below average,136716;137798;139765;140369;143934;145146;148538,7,5,2,0,0,0,1228,44%,56%
202223,AcademicYear,Multi-academy trusts,BOHUNT EDUCATION TRUST,2368,TR00246,7535642,10058531,South East,136643;136903;138287;140424;141175;142181,6,3,3,0,0,0,6,0,0,6,1501,105.5,15%,85%,7%,13%,49.4,96%,0.03,-0.05,0.1,52%,4.45,22%,31%,52%,33,95%,-0.82,-1.01,-0.63,20%,2.87,9%,11%,30%,52.3,96%,0.17,0.09,0.25,57%,4.72,24%,35%,56%,Average,136643;136903;138287;140424;141175;142181;148221,7,4,3,0,0,0,1858,15%,85%
202223,AcademicYear,Multi-academy trusts,BOURNE EDUCATION TRUST,2386,TR00263,7768726,10059305,South East,137595;138460;138765;139948;144741;145125,6,3,2,1,0,0,6,1,0,5,908,104.7,21%,79%,15%,17%,46.2,88%,-0.07,-0.17,0.02,42%,4.02,16%,22%,37%,33.4,87%,-0.76,-0.98,-0.54,18%,2.83,3%,5%,26%,49.7,88%,0.11,0,0.22,49%,4.34,20%,26%,40%,Average,137595;138460;138765;139948;143419;143420;144741;145125,8,3,4,1,0,0,1150,22%,78%
202223,AcademicYear,Multi-academy trusts,BRADFORD DIOCESAN ACADEMIES TRUST,2408,TR00278,8258994,10060130,Yorkshire and the Humber,138087;140429;142590;142825,4,2,2,0,0,0,4,0,0,4,932,102.2,37%,63%,18%,14%,39.8,97%,-0.32,-0.41,-0.23,32%,3.31,10%,17%,35%,31.1,97%,-0.7,-0.85,-0.54,18%,2.5,6%,10%,25%,44.9,98%,-0.1,-0.22,0.01,40%,3.79,13%,22%,40%,Below average,138087;140429;142590;142825,4,2,2,0,0,0,932,37%,63%
202223,AcademicYear,Multi-academy trusts,BRIDGWATER & TAUNTON COLLEGE TRUST,2434,TR00296,8098956,10059829,South West,136791;137080;138375;139655,4,2,2,0,0,0,4,1,0,3,564,101.9,25%,75%,8%,29%,38.1,95%,-0.33,-0.45,-0.21,26%,3.19,5%,9%,17%,30.7,96%,-0.8,-1.04,-0.56,15%,2.53,2%,5%,12%,40.7,94%,-0.16,-0.3,-0.03,30%,3.41,7%,11%,19%,Below average,136791;137080;138375;139655,4,2,2,0,0,0,564,25%,75%
202223,AcademicYear,Multi-academy trusts,BRIGHT FUTURES EDUCATIONAL TRUST,2437,TR00298,7695771,10046414,North West,137289;138097;140021,3,1,2,0,0,0,3,0,0,3,516,106.3,39%,61%,30%,21%,50.2,80%,-0.28,-0.41,-0.14,49%,4.78,41%,46%,66%,27.4,81%,-1.32,-1.54,-1.1,14%,2.44,7%,12%,46%,64.8,80%,0.4,0.22,0.57,72%,6.28,63%,67%,79%,Below average,137289;138097;140021,3,1,2,0,0,0,516,39%,61%
202223,AcademicYear,Multi-academy trusts,THE BROOKE WESTON TRUST,2471,TR00327,2400784,10058154,East Midlands,135306;135317;135967;137867;138254,5,0,4,1,0,0,5,0,0,5,970,101.6,24%,76%,24%,16%,42.7,95%,0.1,0.01,0.19,39%,3.81,16%,26%,50%,30.6,96%,-0.51,-0.69,-0.32,19%,2.57,6%,11%,28%,46.5,95%,0.29,0.19,0.39,46%,4.2,19%,30%,57%,Above average,135306;135317;135967;137867;138254,5,0,4,1,0,0,970,24%,76%
202223,AcademicYear,Multi-academy trusts,BMAT EDUCATION,2497,TR00353,7843166,10059426,East of England,137694;141328;145050;145410;145931,5,1,3,0,0,1,5,0,0,5,696,103.8,31%,69%,25%,14%,42.6,94%,-0.34,-0.45,-0.23,41%,3.84,11%,21%,55%,38.3,92%,-0.61,-0.8,-0.41,34%,3.47,7%,16%,50%,44.5,94%,-0.22,-0.35,-0.09,45%,4.01,13%,23%,57%,Below average,137694;141328;145050;145410;145931;148423,6,1,4,0,0,1,860,31%,69%
202223,AcademicYear,Multi-academy trusts,CABOT LEARNING FEDERATION,2516,TR00367,6207590,10058211,South West,135295;135300;135959;136708;137106;141042;142079;144509;147351,9,1,7,0,1,0,9,0,1,8,1484,102.2,32%,68%,21%,30%,43.1,91%,0.07,-0.01,0.14,36%,3.62,9%,14%,26%,34.1,92%,-0.33,-0.46,-0.2,21%,2.82,4%,8%,23%,47.2,91%,0.26,0.17,0.35,43%,3.99,11%,16%,27%,Average,135295;135300;135959;136708;137106;141042;142079;144509;147351,9,1,7,0,1,0,1484,32%,68%
202223,AcademicYear,Multi-academy trusts,MERIDIAN TRUST,2526,TR00375,7552498,10053421,East of England,136580;136974;137082;137600;139401;139988;143404,7,5,2,0,0,0,7,0,1,6,1236,103.7,20%,80%,11%,7%,48.5,95%,0.28,0.2,0.36,45%,4.25,17%,27%,44%,37.4,96%,-0.14,-0.33,0.04,23%,3.1,5%,12%,24%,51.2,95%,0.38,0.29,0.47,50%,4.53,20%,31%,49%,Above average,136470;136471;136580;136974;137082;137600;137886;139401;139988;142902;143404,11,8,2,0,0,1,1982,18%,82%
202223,AcademicYear,Multi-academy trusts,THE CARDINAL HUME ACADEMIES TRUST,2543,TR00389,8148675,10059941,London,139362;139369;143082,3,3,0,0,0,0,3,0,0,3,523,104.9,31%,69%,35%,15%,54.6,85%,0.65,0.52,0.78,58%,5.01,30%,41%,82%,50.4,88%,0.5,0.27,0.73,50%,4.55,23%,34%,79%,56.6,84%,0.72,0.57,0.88,61%,5.23,33%,45%,84%,Well above average,139362;139369;143082,3,3,0,0,0,0,523,31%,69%
202223,AcademicYear,Multi-academy trusts,BISHOP HOGARTH CATHOLIC EDUCATION TRUST,2548,TR00392,7808732,10055116,North East,137622;137702;139656;140867;141370,5,3,2,0,0,0,5,2,0,3,1098,105.6,25%,75%,6%,11%,46.5,99%,-0.26,-0.34,-0.17,45%,4.05,18%,28%,43%,35.3,99%,-0.87,-1.04,-0.71,25%,2.98,8%,15%,28%,50.3,99%,-0.04,-0.14,0.05,51%,4.42,21%,33%,48%,Below average,137622;137702;139656;140867;141370,5,3,2,0,0,0,1098,25%,75%
202223,AcademicYear,Multi-academy trusts,CASTLE PHOENIX TRUST,2565,TR00407,8331385,10060243,West Midlands,139292;145019;146436,3,1,2,0,0,0,3,0,1,2,555,102.7,25%,75%,18%,14%,41,95%,-0.23,-0.35,-0.11,36%,3.4,6%,10%,20%,29.9,96%,-0.62,-0.86,-0.38,17%,2.44,2%,6%,12%,44.5,95%,-0.11,-0.25,0.03,41%,3.7,7%,12%,22%,Below average,139292;145019;146436,3,1,2,0,0,0,555,25%,75%
202223,AcademicYear,Multi-academy trusts,CASTLE SCHOOL EDUCATION TRUST,2567,TR00409,8397975,10060317,South West,139345;139348;141341;142008,4,2,2,0,0,0,4,0,0,4,769,104.5,15%,85%,6%,10%,48.8,95%,0.13,0.02,0.23,47%,4.38,20%,29%,41%,33.5,92%,-0.69,-0.96,-0.42,14%,2.89,4%,10%,23%,51.5,96%,0.26,0.15,0.37,53%,4.64,22%,33%,44%,Above average,139345;139348;141341;142008,4,2,2,0,0,0,769,15%,85%
202223,AcademicYear,Multi-academy trusts,CENTRAL LEARNING PARTNERSHIP TRUST,2594,TR00427,7827368,10059395,West Midlands,137730;138098;145114,3,1,2,0,0,0,3,0,0,3,542,104.2,37%,63%,20%,23%,49.2,99%,0.28,0.16,0.4,39%,3.44,1%,2%,4%,45.2,98%,0.17,-0.03,0.37,34%,3.07,0%,1%,2%,51.6,99%,0.35,0.2,0.5,43%,3.65,1%,2%,6%,Above average,137730;138098;145114,3,1,2,0,0,0,542,37%,63%
202223,AcademicYear,Multi-academy trusts,ANTHEM SCHOOLS TRUST,2597,TR00429,7468210,10058447,East Midlands,134003;136261;137873;138367;138571,5,1,3,1,0,0,5,0,0,5,865,102.9,25%,75%,22%,18%,43.3,93%,-0.03,-0.12,0.07,37%,3.82,15%,21%,44%,35.7,93%,-0.33,-0.52,-0.13,23%,3.1,6%,11%,32%,45.9,94%,0.07,-0.04,0.19,42%,4.06,17%,25%,48%,Average,134003;136261;137873;138367;138571,5,1,3,1,0,0,865,25%,75%
202223,AcademicYear,Multi-academy trusts,THE LAURUS TRUST,2627,TR00453,7907463,10054410,North West,137843;137923;145893;145894,4,2,0,2,0,0,4,0,1,3,922,105.3,18%,82%,7%,16%,53.3,98%,0.43,0.34,0.52,57%,4.52,10%,15%,70%,40.8,98%,-0.14,-0.36,0.07,28%,3.4,5%,10%,56%,56.1,98%,0.56,0.46,0.66,63%,4.77,11%,15%,73%,Above average,137843;137923;145893;145894,4,2,0,2,0,0,922,18%,82%
202223,AcademicYear,Multi-academy trusts,RIVER LEARNING TRUST,2644,TR00467,7966500,10059630,South East,137936;137970;138817;140875;145139,5,5,0,0,0,0,5,0,0,5,961,104.7,15%,85%,13%,17%,52.9,93%,0.53,0.44,0.62,60%,4.67,22%,26%,35%,35.8,93%,-0.22,-0.46,0.01,24%,3.02,4%,7%,13%,56,93%,0.66,0.56,0.76,66%,4.96,25%,30%,38%,Well above average,137936;137970;138817;138897;139146;140875;145139;148354,8,7,1,0,0,0,1571,20%,80%
202223,AcademicYear,Multi-academy trusts,CHILTERN LEARNING TRUST,2661,TR00480,7559901,10055370,East of England,136319;136651;137462;144311;144312;145872,6,5,0,1,0,0,6,0,0,6,1312,103.2,28%,72%,53%,13%,49.6,95%,0.52,0.44,0.6,51%,4.36,20%,29%,50%,43.4,95%,0.27,0.12,0.42,38%,3.74,13%,21%,43%,52.1,94%,0.62,0.52,0.71,56%,4.6,22%,32%,53%,Well above average,136319;136651;137462;138067;142387;144311;144312;145872,8,6,1,1,0,0,1475,28%,72%
202223,AcademicYear,Multi-academy trusts,CITY OF LONDON ACADEMIES TRUST,2705,TR00514,4504128,10058170,London,134222;135587;135835;143659;143756;144962,6,0,4,2,0,0,6,0,0,6,1034,105,55%,45%,37%,18%,48.4,93%,0,-0.09,0.09,49%,4.46,24%,36%,72%,44.7,94%,-0.17,-0.29,-0.05,40%,4.04,18%,29%,66%,52.8,92%,0.21,0.08,0.35,60%,4.95,31%,45%,78%,Average,134222;135587;135835;143659;143756;144962,6,0,4,2,0,0,1034,55%,45%
202223,AcademicYear,Multi-academy trusts,COASTAL ACADEMIES TRUST,2731,TR00532,7552665,10058585,South East,136571;136584;136585,3,3,0,0,0,0,3,0,0,3,412,105.9,32%,68%,12%,15%,51.4,97%,0.13,-0.01,0.27,55%,4.36,15%,18%,24%,40,96%,-0.35,-0.6,-0.11,36%,3.25,5%,6%,11%,56.8,97%,0.35,0.18,0.52,63%,4.87,19%,23%,30%,Average,136571;136584;136585,3,3,0,0,0,0,412,32%,68%
202223,AcademicYear,Multi-academy trusts,THE CAM ACADEMY TRUST,2753,TR00550,7491945,10055220,East of England,136463;137248;137527;139408,4,3,0,1,0,0,4,0,0,4,859,104.3,19%,81%,12%,21%,49.4,94%,0.2,0.11,0.3,48%,4.39,22%,27%,41%,32.7,94%,-0.53,-0.75,-0.3,16%,2.71,2%,4%,15%,53.3,94%,0.38,0.27,0.48,55%,4.78,26%,33%,47%,Above average,136463;137248;137527;139408,4,3,0,1,0,0,859,19%,81%
202223,AcademicYear,Multi-academy trusts,COMMUNITY ACADEMIES TRUST,2755,TR00552,7472736,10058454,West Midlands,136459;138936;139536;139766;142285,5,2,3,0,0,0,5,0,0,5,908,103.2,31%,69%,10%,22%,39.2,96%,-0.56,-0.65,-0.46,29%,3.33,9%,13%,22%,30.3,95%,-0.98,-1.15,-0.82,14%,2.51,1%,3%,9%,43.2,96%,-0.36,-0.48,-0.25,36%,3.71,12%,18%,28%,Well below average,136459;138936;139536;139766;142285,5,2,3,0,0,0,908,31%,69%
202223,AcademicYear,Multi-academy trusts,THE LEARNING ALLIANCE,2766,TR00558,7538467,10058540,North West,136655;138002;139953;140813;147654,5,2,2,0,1,0,5,4,0,1,613,103.6,28%,72%,9%,11%,40.3,94%,-0.5,-0.61,-0.38,33%,3.51,11%,18%,52%,26.5,93%,-1.23,-1.45,-1.01,11%,2.17,3%,5%,32%,45.2,94%,-0.24,-0.37,-0.1,41%,3.99,14%,23%,60%,Below average,136655;138002;139953;140813;142890;147654,6,2,2,0,1,1,697,29%,71%
202223,AcademicYear,Multi-academy trusts,THE CO-OPERATIVE ACADEMIES TRUST,2777,TR00567,7747126,10059286,North West,136102;136174;136987;137065;142762;144588;144627;146315;146404;147177,10,3,7,0,0,0,10,0,3,7,2339,102.8,45%,55%,31%,16%,40.3,91%,-0.36,-0.42,-0.3,32%,3.37,7%,12%,29%,34.1,90%,-0.67,-0.76,-0.58,23%,2.81,4%,9%,26%,45.2,91%,-0.11,-0.19,-0.03,40%,3.81,10%,15%,31%,Below average,136102;136174;136987;137065;142762;144588;144627;146315;146404;147177,10,3,7,0,0,0,2339,45%,55%
202223,AcademicYear,Multi-academy trusts,CREATIVE EDUCATION TRUST,2816,TR00604,7617529,10058707,East Midlands,135665;137100;137541;137781;138858;139068;139819;139961;141331;145952;146539,11,2,9,0,0,0,11,0,2,9,2297,102.8,30%,70%,21%,14%,41.7,93%,-0.21,-0.27,-0.15,32%,3.48,7%,11%,23%,35.2,96%,-0.56,-0.67,-0.45,21%,2.86,3%,6%,15%,44.5,91%,-0.05,-0.12,0.02,37%,3.75,9%,14%,27%,Below average,135665;137100;137541;137781;138858;139068;139819;139961;141331;145952;146539,11,2,9,0,0,0,2297,30%,70%
202223,AcademicYear,Multi-academy trusts,THE DAVID ROSS EDUCATION TRUST,2854,TR00633,6182612,10058206,East Midlands,135294;136201;136479;137200;138757;138783;139060;141166;141391;141874;144739,11,3,7,1,0,0,11,0,0,11,1438,103.2,29%,71%,14%,18%,41.2,93%,-0.27,-0.35,-0.2,33%,3.73,12%,21%,49%,34.5,97%,-0.69,-0.83,-0.55,22%,3.08,7%,13%,40%,43.9,92%,-0.1,-0.19,-0.01,38%,3.98,14%,24%,52%,Below average,135294;136201;136479;137200;138757;138783;139060;141166;141391;141874;144739,11,3,7,1,0,0,1438,29%,71%
202223,AcademicYear,Multi-academy trusts,THE DEAN TRUST,2864,TR00637,8027943,10055366,North West,138123;138124;140412;141884;144519;146797,6,2,4,0,0,0,6,0,1,5,1059,103.6,42%,58%,22%,20%,41.3,92%,-0.5,-0.59,-0.41,32%,3.72,13%,25%,60%,34.1,96%,-0.87,-1.01,-0.74,17%,2.99,5%,13%,50%,46.6,89%,-0.21,-0.32,-0.09,43%,4.26,18%,33%,68%,Below average,138123;138124;140412;141884;144519;146797,6,2,4,0,0,0,1059,42%,58%
202223,AcademicYear,Multi-academy trusts,THE DIOCESE OF WESTMINSTER ACADEMY TRUST,2928,TR00665,7944160,10059577,East of England,137895;137922;137925;137938;137994;137995,6,6,0,0,0,0,6,0,0,6,1183,105.1,15%,85%,37%,10%,54.4,91%,0.65,0.56,0.73,57%,4.93,27%,38%,63%,44.7,91%,0.24,0.02,0.46,33%,4.01,18%,27%,67%,56.1,91%,0.72,0.62,0.81,61%,5.09,28%,40%,63%,Well above average,137895;137922;137925;137938;137994;137995,6,6,0,0,0,0,1183,15%,85%
202223,AcademicYear,Multi-academy trusts,DIVERSE ACADEMIES TRUST,2936,TR00669,7664012,10058867,East Midlands,136624;137117;137319;138964;139956;144486,6,3,3,0,0,0,6,0,0,6,1055,103.2,28%,72%,7%,20%,41.4,95%,-0.35,-0.44,-0.26,30%,3.49,9%,14%,27%,30.2,94%,-0.94,-1.1,-0.77,15%,2.43,4%,6%,16%,45.8,95%,-0.13,-0.23,-0.02,36%,3.9,11%,17%,31%,Below average,136624;137117;137319;138964;139956;144486,6,3,3,0,0,0,1055,28%,72%
202223,AcademicYear,Multi-academy trusts,DIXONS ACADEMIES TRUST,2939,TR00671,2303464,10058150,Yorkshire and the Humber,130909;135866;137277;138251;141002;144743;146198;146363,8,0,4,4,0,0,8,0,1,7,1238,103.4,36%,64%,33%,19%,47.2,94%,0.22,0.14,0.3,47%,4.29,22%,35%,83%,41.5,94%,-0.06,-0.2,0.07,37%,3.74,17%,28%,77%,50.4,95%,0.38,0.28,0.48,52%,4.59,25%,39%,87%,Above average,130909;135866;137277;138251;141002;144743;146198;146363;148655;148792;148965,11,0,7,4,0,0,1776,42%,58%
202223,AcademicYear,Multi-academy trusts,E-ACT,2974,TR00699,6526376,10058234,South West,135907;135911;135934;135973;136032;136115;137706;137954;138073;138235;138374;146316;146518,13,0,13,0,0,0,13,0,0,13,2217,101.8,47%,53%,39%,13%,40.3,90%,-0.15,-0.21,-0.09,36%,3.37,7%,11%,21%,35.3,90%,-0.4,-0.49,-0.31,27%,2.92,5%,8%,18%,44.7,90%,0.08,-0.01,0.16,43%,3.76,8%,13%,23%,Below average,135907;135911;135934;135973;136032;136115;137706;137954;138073;138235;138374;146316;146518,13,0,13,0,0,0,2217,47%,53%
202223,AcademicYear,Multi-academy trusts,EAST MIDLANDS EDUCATION TRUST,2987,TR02426,7530373,10055367,East Midlands,136628;137628;138191;138641;141259;142710,6,6,0,0,0,0,6,0,0,6,1163,105.2,16%,84%,3%,6%,51,98%,0.23,0.15,0.32,56%,4.56,21%,28%,45%,34.7,98%,-0.56,-0.76,-0.35,25%,2.99,5%,9%,26%,54.1,98%,0.39,0.3,0.47,61%,4.86,24%,32%,49%,Above average,136628;137367;137628;138191;138641;138820;141259;142710;148299,9,9,0,0,0,0,1618,18%,82%
202223,AcademicYear,Multi-academy trusts,EDUCATION AND LEADERSHIP TRUST,3010,TR02745,8913502,10060739,North West,141196;141264;144494,3,1,2,0,0,0,3,0,0,3,661,103.4,56%,44%,63%,16%,48.7,91%,0.43,0.32,0.55,44%,4.46,28%,39%,55%,45.3,91%,0.16,0.01,0.32,37%,4.04,20%,28%,46%,52.8,91%,0.77,0.6,0.94,53%,4.98,37%,51%,68%,Above average,141196;141264;143260;144494,4,2,2,0,0,0,960,49%,51%
202223,AcademicYear,Multi-academy trusts,EDUCATION FOR THE 21ST CENTURY,3015,TR00727,7559170,10058616,London,135305;136464;136540;144465,4,2,1,1,0,0,4,0,0,4,734,105.1,29%,71%,8%,18%,44.5,96%,-0.38,-0.48,-0.27,41%,3.94,17%,25%,43%,36.8,99%,-0.72,-0.91,-0.53,23%,3.16,12%,15%,27%,47.7,95%,-0.23,-0.36,-0.11,48%,4.27,19%,30%,50%,Below average,135305;136464;136540;144465,4,2,1,1,0,0,734,29%,71%
202223,AcademicYear,Multi-academy trusts,EDUCATION PARTNERSHIP TRUST,3016,TR00059,7950891,10059591,North West,138233;141028;142088,3,0,1,2,0,0,3,2,0,1,413,103.4,28%,72%,17%,11%,45.4,93%,0.07,-0.07,0.21,46%,3.95,10%,19%,40%,41.5,94%,-0.13,-0.4,0.14,37%,3.61,4%,14%,38%,46.9,93%,0.15,-0.02,0.31,50%,4.08,12%,20%,41%,Average,138233;141028;142088,3,0,1,2,0,0,413,28%,72%
202223,AcademicYear,Multi-academy trusts,EXCALIBUR ACADEMIES TRUST,3065,TR00761,8146633,10059937,South West,138623;141705;142121;142822,4,2,1,1,0,0,4,0,1,3,700,104,22%,78%,16%,23%,45,93%,-0.12,-0.22,-0.01,41%,3.98,16%,24%,39%,32.3,95%,-0.64,-0.87,-0.41,18%,2.77,5%,6%,23%,48.5,93%,0.03,-0.09,0.15,47%,4.32,20%,29%,44%,Below average,138623;141705;142121;142822,4,2,1,1,0,0,700,22%,78%
202223,AcademicYear,Multi-academy trusts,FAIRFAX MULTI ACADEMY TRUST,3076,TR00767,7661164,10058852,West Midlands,136908;141318;143413;143895,4,1,3,0,0,0,4,0,0,4,700,103.2,45%,55%,15%,16%,37.7,94%,-0.68,-0.79,-0.57,31%,3.23,9%,13%,24%,30.1,95%,-1.05,-1.21,-0.89,18%,2.48,3%,3%,12%,44,93%,-0.37,-0.52,-0.22,41%,3.85,13%,21%,35%,Well below average,136908;141318;143413;143895,4,1,3,0,0,0,700,45%,55%
202223,AcademicYear,Multi-academy trusts,THE FALLIBROOME TRUST,3080,TR00770,7346144,10058338,North West,136184;136278;138662,3,2,1,0,0,0,3,0,1,2,597,104.5,23%,77%,3%,13%,46,97%,-0.09,-0.21,0.02,42%,3.89,12%,18%,28%,29.5,97%,-0.94,-1.18,-0.7,15%,2.4,1%,7%,18%,51.2,97%,0.17,0.04,0.3,51%,4.36,15%,21%,31%,Average,136184;136278;138662,3,2,1,0,0,0,597,23%,77%
202223,AcademicYear,Multi-academy trusts,BEYOND SCHOOLS TRUST,3123,TR00810,7401701,10058382,South East,136337;137376;138511,3,2,1,0,0,0,3,0,0,3,498,102.7,26%,74%,16%,21%,43.7,96%,-0.01,-0.14,0.12,40%,3.79,16%,25%,32%,30.6,95%,-0.64,-0.89,-0.39,16%,2.6,6%,12%,18%,48.3,96%,0.21,0.06,0.36,48%,4.21,19%,29%,37%,Average,136337;137376;138511,3,2,1,0,0,0,498,26%,74%
202223,AcademicYear,Multi-academy trusts,FUTURE ACADEMIES,3152,TR00834,6543442,10043978,London,135676;135876;143129;144623;146440;147785,6,0,6,0,0,0,6,2,2,2,921,103.3,33%,67%,22%,15%,44.2,92%,-0.09,-0.18,0.01,41%,4.14,21%,33%,64%,39.8,94%,-0.36,-0.52,-0.19,32%,3.74,18%,29%,60%,46.6,91%,0.07,-0.05,0.18,45%,4.35,22%,35%,65%,Average,135676;135876;140966;143129;144623;146440;147785,7,0,6,1,0,0,1038,35%,65%
202223,AcademicYear,Multi-academy trusts,FYLDE COAST ACADEMY TRUST,3155,TR00836,8364709,10060294,North West,137342;137973;139675;141132;145863,5,2,2,1,0,0,5,0,0,5,832,103.2,41%,59%,3%,19%,36.3,97%,-0.82,-0.91,-0.72,26%,3.05,5%,7%,18%,27.7,99%,-1.32,-1.48,-1.17,11%,2.25,1%,4%,11%,42.3,96%,-0.45,-0.58,-0.33,36%,3.6,8%,10%,24%,Well below average,137342;137973;139675;141132;145863,5,2,2,1,0,0,832,41%,59%
202223,AcademicYear,Multi-academy trusts,GLF SCHOOLS,3190,TR00860,7551959,10053217,South East,136534;137735;137736;140653;143808;143846;145898,7,4,2,1,0,0,7,0,0,7,1195,104.6,21%,79%,9%,19%,47.5,96%,0.01,-0.08,0.09,50%,4.26,19%,27%,45%,32.1,97%,-0.98,-1.16,-0.8,19%,2.78,3%,7%,25%,51.6,96%,0.26,0.17,0.36,58%,4.65,23%,33%,50%,Average,136534;137735;137736;140653;143808;143846;145898,7,4,2,1,0,0,1195,21%,79%
202223,AcademicYear,Multi-academy trusts,THE GORSE ACADEMIES TRUST,3206,TR00878,7465701,10055363,Yorkshire and the Humber,136392;137577;140565;142056;146217,5,2,2,1,0,0,5,0,0,5,1198,103.5,31%,69%,20%,11%,52.6,95%,0.74,0.66,0.82,57%,4.64,28%,38%,47%,42,94%,0.25,0.1,0.4,37%,3.62,16%,24%,35%,57.3,95%,0.96,0.86,1.06,66%,5.09,33%,45%,52%,Well above average,136392;137577;140565;142056;146217;148793,6,2,3,1,0,0,1347,32%,68%
202223,AcademicYear,Multi-academy trusts,THE GOSFORTH FEDERATED ACADEMIES LIMITED,3209,TR00881,7431423,10058404,North East,136352;144279;146752,3,1,2,0,0,0,3,0,1,2,801,105.5,28%,72%,19%,12%,51.1,96%,0.2,0.1,0.3,55%,4.69,31%,40%,60%,38.7,93%,-0.33,-0.52,-0.14,29%,3.39,12%,16%,39%,55.9,97%,0.39,0.28,0.51,64%,5.2,38%,49%,68%,Above average,136352;144279;146752,3,1,2,0,0,0,801,28%,72%
202223,AcademicYear,Multi-academy trusts,GREAT ACADEMIES EDUCATION TRUST,3225,TR00893,6237630,10058215,North West,135508;139294;143319,3,2,1,0,0,0,3,0,0,3,645,103.8,33%,67%,16%,15%,39.8,96%,-0.56,-0.67,-0.44,32%,3.37,8%,14%,32%,32.1,95%,-1.01,-1.2,-0.81,22%,2.71,3%,8%,26%,43.5,96%,-0.34,-0.48,-0.2,36%,3.69,10%,17%,35%,Well below average,135508;139294;143319,3,2,1,0,0,0,645,33%,67%
202223,AcademicYear,Multi-academy trusts,GREENWOOD ACADEMIES TRUST,3252,TR00914,6864339,10058259,East Midlands,135881;136217;136948;137184;137880;139082;139957;147456,8,0,7,1,0,0,8,1,0,7,1453,101.8,40%,60%,34%,14%,40.5,91%,-0.14,-0.22,-0.06,31%,3.38,6%,10%,19%,34.8,95%,-0.5,-0.62,-0.39,23%,2.82,3%,6%,13%,44.3,88%,0.12,0.02,0.22,37%,3.75,8%,13%,23%,Below average,135881;136217;136948;137184;137880;139082;139957;147456,8,0,7,1,0,0,1453,40%,60%
202223,AcademicYear,Multi-academy trusts,HABERDASHERS' ASKE'S FEDERATION TRUST,3279,TR00933,2535091,10058159,London,135070;135073;135951,3,0,3,0,0,0,3,0,0,3,577,104,35%,65%,15%,18%,47.2,94%,0.11,-0.01,0.23,44%,4.28,18%,27%,57%,40.6,95%,-0.28,-0.48,-0.08,30%,3.61,6%,15%,47%,50.6,94%,0.32,0.18,0.47,51%,4.63,24%,33%,62%,Average,135070;135073;135951,3,0,3,0,0,0,577,35%,65%
202223,AcademicYear,Multi-academy trusts,HARRIS FEDERATION,3320,TR00968,6228587,10058214,London,131747;131897;132711;134225;135249;135311;135677;135816;135955;137121;137379;137549;138449;138495;139703;140935;140952;140985;143427;143428;143706;144750;145126;145140;145860;147537,26,3,18,5,0,0,26,0,1,25,4676,104.2,38%,62%,32%,14%,49.8,94%,0.32,0.28,0.36,50%,4.62,26%,40%,72%,44,95%,0.01,-0.05,0.08,37%,4.02,18%,29%,64%,53.3,93%,0.51,0.46,0.57,57%,4.98,30%,46%,77%,Above average,131747;131897;132711;134225;135249;135311;135677;135816;135955;137121;137379;137549;138449;138495;139703;140935;140952;140985;143427;143428;143706;144750;145126;145140;145860;147537;149431,27,3,18,6,0,0,4780,38%,62%
202223,AcademicYear,Multi-academy trusts,UNIVERSITY OF BRIGHTON ACADEMIES TRUST,3339,TR00985,7185046,10032385,South East,136400;136401;142089,3,0,3,0,0,0,3,0,0,3,632,103,33%,67%,5%,21%,35.1,97%,-0.91,-1.03,-0.8,29%,2.89,3%,4%,8%,23.8,95%,-1.5,-1.7,-1.31,13%,1.96,1%,2%,6%,40.6,99%,-0.64,-0.77,-0.5,37%,3.35,3%,5%,8%,Well below average,136400;136401;142089,3,0,3,0,0,0,632,33%,67%
202223,AcademicYear,Multi-academy trusts,THE HEATH FAMILY (NORTH WEST),3372,TR01015,7614421,10058706,North West,136779;141694;142798,3,2,1,0,0,0,3,0,0,3,491,103.4,40%,60%,6%,16%,40.8,96%,-0.41,-0.53,-0.28,34%,3.32,6%,9%,15%,31.8,96%,-0.84,-1.04,-0.64,18%,2.51,4%,5%,12%,46.8,96%,-0.12,-0.29,0.04,44%,3.85,8%,11%,17%,Below average,136779;141694;142798,3,2,1,0,0,0,491,40%,60%
202223,AcademicYear,Multi-academy trusts,THE CONSORTIUM ACADEMY TRUST,3403,TR01041,7665828,10058879,Yorkshire and the Humber,136921;137306;139629;144561;145722;146129,6,5,1,0,0,0,6,0,2,4,1281,104.8,28%,72%,5%,14%,44.4,98%,-0.35,-0.43,-0.28,40%,3.9,12%,20%,40%,33.9,98%,-1,-1.15,-0.85,18%,2.87,4%,7%,22%,48.3,98%,-0.11,-0.21,-0.02,48%,4.28,15%,25%,47%,Below average,136921;137306;139629;144561;145722;146129,6,5,1,0,0,0,1281,28%,72%
202223,AcademicYear,Multi-academy trusts,THE HOWARD PARTNERSHIP TRUST,3493,TR01121,7597068,10058685,South East,136832;136833;142315;144503,4,4,0,0,0,0,4,0,0,4,863,105,17%,83%,9%,12%,47,94%,-0.13,-0.22,-0.03,43%,4.13,17%,25%,35%,32.8,95%,-0.8,-1.03,-0.57,19%,2.75,3%,7%,14%,50,94%,0.02,-0.09,0.12,48%,4.43,20%,29%,40%,Below average,136832;136833;142315;144503,4,4,0,0,0,0,863,17%,83%
202223,AcademicYear,Multi-academy trusts,THE EDUCATION ALLIANCE,3511,TR01133,7542211,10058551,Yorkshire and the Humber,136667;140866;142150;143854,4,3,1,0,0,0,4,0,1,3,1011,104.5,14%,86%,4%,15%,47.5,98%,0.06,-0.03,0.15,48%,4.25,20%,29%,47%,37.2,98%,-0.39,-0.62,-0.15,23%,3.21,9%,14%,30%,49.2,98%,0.14,0.04,0.23,51%,4.42,22%,31%,50%,Average,136667;140866;142150;143854,4,3,1,0,0,0,1011,14%,86%
202223,AcademicYear,Multi-academy trusts,WADE DEACON TRUST,3528,TR01148,8278808,10060154,North West,139368;139614;141693;144617,4,2,2,0,0,0,4,0,0,4,750,104,37%,63%,6%,18%,44,96%,-0.19,-0.29,-0.09,39%,3.8,15%,23%,35%,34.7,95%,-0.71,-0.88,-0.54,22%,2.96,6%,14%,27%,49.4,97%,0.11,-0.02,0.24,49%,4.3,20%,29%,40%,Below average,139368;139614;141693;144617,4,2,2,0,0,0,750,37%,63%
202223,AcademicYear,Multi-academy trusts,INSPIRATION TRUST,3531,TR01149,8179349,10060032,East of England,136204;137134;137431;137949;140188;140815;142059;142883,8,2,4,2,0,0,8,1,0,7,1179,102.6,30%,70%,17%,13%,46.2,94%,0.27,0.19,0.35,49%,4.23,22%,31%,52%,37.5,95%,-0.21,-0.36,-0.06,33%,3.33,12%,17%,36%,50,94%,0.48,0.38,0.58,57%,4.61,26%,36%,58%,Above average,136204;137134;137431;137949;140188;140815;142059;142883;148826,9,2,5,2,0,0,1360,29%,71%
202223,AcademicYear,Multi-academy trusts,WESTCOUNTRY SCHOOLS TRUST,3547,TR01159,7398467,10057945,South West,136336;136557;136558;136568;136569;143649,6,6,0,0,0,0,6,1,0,5,1406,104.5,17%,83%,4%,16%,46.3,97%,-0.09,-0.16,-0.01,46%,4.1,17%,25%,35%,35.7,97%,-0.6,-0.78,-0.42,28%,3.07,9%,12%,21%,48.5,97%,0.02,-0.06,0.1,50%,4.32,18%,27%,38%,Below average,136336;136557;136558;136568;136569;140104;143649,7,7,0,0,0,0,1574,18%,82%
202223,AcademicYear,Multi-academy trusts,THE KEMNAL ACADEMIES TRUST,3586,TR01192,7348231,10058343,South East,136156;136281;136304;136342;136456;136555;136720;137072;137096;138437;138620;138686;140105;140605,14,10,4,0,0,0,14,0,0,14,2227,102.6,31%,69%,10%,21%,37.7,95%,-0.55,-0.61,-0.49,27%,3.17,6%,12%,23%,28.3,96%,-1.13,-1.24,-1.02,12%,2.3,2%,5%,13%,41.9,95%,-0.29,-0.37,-0.22,34%,3.55,8%,15%,28%,Well below average,136156;136281;136304;136342;136456;136555;136720;137072;137096;138437;138620;138686;140105;140605,14,10,4,0,0,0,2227,31%,69%
202223,AcademicYear,Multi-academy trusts,KENT CATHOLIC SCHOOLS' PARTNERSHIP,3594,TR01197,8176019,10060024,South East,140537;140640;140874;141217;141628,5,4,1,0,0,0,5,0,0,5,852,102.9,22%,78%,14%,13%,42.6,95%,-0.12,-0.22,-0.03,35%,3.61,7%,13%,23%,33.6,94%,-0.66,-0.87,-0.46,18%,2.72,1%,3%,11%,45.1,95%,0.03,-0.08,0.14,40%,3.86,9%,16%,26%,Below average,140537;140640;140874;141217;141628,5,4,1,0,0,0,852,22%,78%
202223,AcademicYear,Multi-academy trusts,EDUCATION SOUTH WEST,3643,TR01237,7451553,10058417,South West,136200;136367;136494;137176,4,3,1,0,0,0,4,0,0,4,524,104.8,22%,78%,3%,22%,45.9,97%,-0.15,-0.27,-0.02,43%,4.04,14%,22%,41%,35.6,98%,-0.61,-0.87,-0.35,24%,3.1,9%,16%,34%,48.8,97%,-0.01,-0.15,0.13,48%,4.31,15%,23%,43%,Below average,136200;136367;136494;137176;141749;149247,6,4,1,0,0,1,714,25%,75%
202223,AcademicYear,Multi-academy trusts,L.E.A.D. ACADEMY TRUST,3670,TR01262,8296921,10060187,East Midlands,143853;143963;144066,3,1,2,0,0,0,3,0,0,3,541,101.6,40%,60%,10%,21%,36.7,97%,-0.46,-0.59,-0.34,25%,3.15,6%,10%,26%,31,98%,-0.88,-1.07,-0.69,17%,2.61,4%,7%,19%,40.4,97%,-0.19,-0.34,-0.03,29%,3.51,6%,12%,32%,Below average,143853;143963;144066,3,1,2,0,0,0,541,40%,60%
202223,AcademicYear,Multi-academy trusts,THE LAIDLAW SCHOOLS TRUST,3677,TR01268,5735093,10058196,North East,135423;145477;147670,3,1,2,0,0,0,3,1,0,2,512,101.9,47%,53%,24%,17%,38.2,95%,-0.36,-0.49,-0.24,27%,3.2,10%,16%,35%,31,94%,-0.77,-0.95,-0.58,17%,2.53,3%,8%,26%,45.9,95%,0.07,-0.11,0.24,38%,3.92,17%,26%,45%,Below average,135423;145477;147670,3,1,2,0,0,0,512,47%,53%
202223,AcademicYear,Multi-academy trusts,LANDAU FORTE CHARITABLE TRUST,3684,TR01273,2387916,10058153,East Midlands,135120;136136;137146,3,0,3,0,0,0,3,0,0,3,495,104.8,26%,74%,7%,13%,47.5,98%,-0.02,-0.14,0.11,45%,4.14,13%,20%,42%,42,98%,-0.38,-0.63,-0.13,31%,3.65,7%,14%,37%,49.3,99%,0.11,-0.04,0.26,49%,4.31,15%,22%,44%,Average,135120;136136;137146,3,0,3,0,0,0,495,26%,74%
202223,AcademicYear,Multi-academy trusts,LEIGH ACADEMIES TRUST,3725,TR01302,2336587,10058151,South East,135297;135630;135964;136205;136662;136847;137119;140987;141309;145315;145895,11,3,6,1,0,1,11,0,2,9,2229,104.1,23%,77%,12%,15%,45.3,95%,-0.08,-0.14,-0.02,42%,3.93,14%,20%,30%,37.1,94%,-0.57,-0.7,-0.44,28%,3.19,7%,13%,26%,47.8,95%,0.07,0,0.14,46%,4.16,17%,23%,32%,Below average,135297;135630;135964;136205;136349;136662;136847;137119;137581;140987;141309;145315;145895,13,4,7,1,0,1,2432,24%,76%
202223,AcademicYear,Multi-academy trusts,LIONHEART EDUCATIONAL TRUST,3760,TR00158,8473899,10055191,East Midlands,137799;137828;139624;140787;145558;146108,6,5,1,0,0,0,6,0,2,4,1303,105.6,19%,81%,19%,10%,50.8,94%,0.18,0.1,0.25,54%,4.64,30%,43%,77%,39.4,94%,-0.35,-0.54,-0.17,31%,3.56,16%,24%,62%,53.3,93%,0.3,0.21,0.38,59%,4.89,33%,47%,81%,Above average,137799;137828;138301;138478;139624;140787;145558;146108,8,7,1,0,0,0,1650,20%,80%
202223,AcademicYear,Multi-academy trusts,LOXFORD SCHOOL TRUST LIMITED,3797,TR01354,8743560,10060647,London,136663;139179;140475;141178;144095;147185,6,3,3,0,0,0,6,0,1,5,971,103.5,30%,70%,38%,26%,48.6,93%,0.37,0.28,0.47,49%,4.43,20%,34%,81%,43.2,93%,0.21,0.04,0.38,40%,3.85,14%,24%,74%,50.8,93%,0.44,0.33,0.55,53%,4.66,23%,39%,84%,Above average,136663;139179;140475;141178;144095;147185,6,3,3,0,0,0,971,30%,70%
202223,AcademicYear,Multi-academy trusts,MALTBY LEARNING TRUST,3834,TR01382,7033915,10058279,Yorkshire and the Humber,136042;144364;145848,3,1,2,0,0,0,3,0,1,2,642,104.1,26%,74%,4%,13%,47.7,98%,0.13,0.02,0.24,46%,3.86,8%,12%,17%,36.2,98%,-0.48,-0.7,-0.26,25%,2.86,3%,8%,12%,51.6,98%,0.33,0.21,0.46,54%,4.21,10%,13%,18%,Above average,136042;144364;145848,3,1,2,0,0,0,642,26%,74%
202223,AcademicYear,Multi-academy trusts,MARCHES ACADEMY TRUST,3855,TR01398,7680422,10058925,West Midlands,136979;141176;146580;147540,4,3,1,0,0,0,4,0,2,2,689,103.6,23%,77%,7%,13%,41.5,92%,-0.41,-0.52,-0.3,35%,3.62,11%,19%,35%,32.3,91%,-0.93,-1.16,-0.7,18%,2.74,4%,7%,22%,44.2,92%,-0.25,-0.38,-0.13,40%,3.88,13%,22%,39%,Below average,136979;141176;146580;147540,4,3,1,0,0,0,689,23%,77%
202223,AcademicYear,Multi-academy trusts,MATRIX ACADEMY TRUST,3878,TR00136,7654219,10053216,West Midlands,136885;137274;137771;143438,4,3,1,0,0,0,4,0,0,4,749,103.7,33%,67%,11%,12%,47.9,96%,0.22,0.11,0.32,46%,4.29,22%,37%,66%,40.2,99%,-0.1,-0.28,0.07,28%,3.46,13%,20%,51%,51.7,95%,0.38,0.25,0.5,55%,4.69,27%,45%,73%,Above average,136885;137274;137771;143438;148521,5,3,2,0,0,0,863,35%,65%
202223,AcademicYear,Multi-academy trusts,MERCIA LEARNING TRUST,3899,TR02564,8119703,10059864,Yorkshire and the Humber,138841;140821;145897,3,1,1,1,0,0,3,0,0,3,512,104.1,27%,73%,23%,9%,53.8,96%,0.67,0.55,0.8,61%,4.91,32%,42%,54%,40.5,98%,-0.02,-0.26,0.21,31%,3.51,13%,19%,39%,58.8,96%,0.94,0.79,1.09,72%,5.44,39%,50%,60%,Well above average,138841;140821;145897,3,1,1,1,0,0,512,27%,73%
202223,AcademicYear,Multi-academy trusts,THE MIDLAND ACADEMIES TRUST,3908,TR01434,7191874,10058296,West Midlands,136158;137079;138327;138644,4,2,2,0,0,0,4,0,0,4,595,102,35%,65%,7%,20%,38.2,97%,-0.41,-0.53,-0.3,29%,3.19,5%,7%,12%,29.4,99%,-0.83,-1.02,-0.63,11%,2.37,1%,1%,5%,42.9,96%,-0.19,-0.33,-0.04,38%,3.62,7%,11%,16%,Below average,136158;137079;138327;138644,4,2,2,0,0,0,595,35%,65%
202223,AcademicYear,Multi-academy trusts,MIDSOMER NORTON SCHOOLS PARTNERSHIP,3910,TR01435,7365778,10031575,South West,136311;136335;137202;137548;142125;146972;147801,7,6,0,0,1,0,7,1,3,3,926,104.5,20%,80%,4%,18%,49.1,95%,0.18,0.08,0.27,51%,4.32,16%,27%,51%,39,93%,-0.17,-0.38,0.04,27%,3.26,6%,14%,29%,51.5,96%,0.26,0.16,0.37,56%,4.58,19%,30%,56%,Above average,136311;136335;136894;136966;137202;137548;142125;146972;147801;148830,10,9,0,0,1,0,1472,18%,82%
202223,AcademicYear,Multi-academy trusts,MINERVA LEARNING TRUST,3921,TR02980,9200332,10060869,Yorkshire and the Humber,141495;145191;145274;145455,4,3,1,0,0,0,4,0,0,4,932,104.4,24%,76%,7%,15%,46.6,98%,-0.02,-0.11,0.07,44%,4.1,19%,31%,53%,34.3,96%,-0.72,-0.9,-0.53,20%,2.86,8%,15%,33%,50.6,98%,0.2,0.09,0.3,51%,4.5,23%,36%,59%,Average,141495;145191;145274;145455,4,3,1,0,0,0,932,24%,76%
202223,AcademicYear,Multi-academy trusts,SOUTH PENNINE ACADEMIES,3933,TR01454,7599308,10058690,Yorkshire and the Humber,137500;143115;144508,3,1,2,0,0,0,3,0,1,2,571,101.1,47%,53%,40%,15%,38.1,89%,-0.21,-0.33,-0.08,27%,3.2,9%,13%,27%,33.6,88%,-0.39,-0.58,-0.21,20%,2.79,7%,11%,22%,41.9,90%,-0.05,-0.22,0.12,33%,3.56,11%,15%,31%,Below average,137500;143115;144508,3,1,2,0,0,0,571,47%,53%
202223,AcademicYear,Multi-academy trusts,NICHOLAS POSTGATE CATHOLIC ACADEMY TRUST,4002,TR02982,9203984,10060872,North East,140751;142273;142281;142382,4,4,0,0,0,0,4,0,0,4,554,104.2,39%,61%,6%,15%,41.5,95%,-0.55,-0.67,-0.43,41%,3.49,13%,18%,29%,31.8,97%,-1.03,-1.22,-0.84,24%,2.61,4%,8%,18%,47.8,95%,-0.24,-0.39,-0.08,51%,4.06,18%,24%,36%,Well below average,140751;142273;142281;142382;147213,5,5,0,0,0,0,668,35%,65%
202223,AcademicYear,Multi-academy trusts,SUMMIT LEARNING TRUST,4004,TR01509,7348167,10058342,West Midlands,136406;142075;142388,3,1,2,0,0,0,3,0,0,3,729,102.5,64%,36%,35%,19%,43.9,93%,0.04,-0.07,0.14,40%,3.92,18%,28%,57%,41.2,94%,-0.16,-0.3,-0.03,35%,3.64,15%,24%,54%,48.7,90%,0.4,0.22,0.58,47%,4.41,23%,36%,64%,Average,136406;142075;142388,3,1,2,0,0,0,729,64%,36%
202223,AcademicYear,Multi-academy trusts,NORTHERN EDUCATION TRUST,4036,TR01527,7189647,10058295,North East,135878;136135;136146;139405;139673;140002;140979;141185;141686;147541;148135,11,0,11,0,0,0,11,1,1,9,2018,104.4,43%,57%,7%,12%,45.9,95%,-0.07,-0.13,0,51%,4.16,18%,28%,51%,37.3,95%,-0.6,-0.69,-0.5,35%,3.33,10%,16%,39%,52.3,96%,0.32,0.24,0.4,63%,4.77,24%,37%,59%,Average,135878;136135;136146;139405;139673;140002;140979;141185;141686;147541;148135;149235,12,1,11,0,0,0,2129,42%,58%
202223,AcademicYear,Multi-academy trusts,NORTHERN SCHOOLS TRUST,4041,TR01530,5067702,10058179,North West,131065;139588;139589,3,0,1,0,1,1,3,0,0,3,395,102.6,54%,46%,28%,21%,41.6,86%,-0.26,-0.41,-0.11,33%,3.13,3%,4%,11%,36.9,89%,-0.46,-0.66,-0.26,24%,2.69,3%,5%,10%,47.2,84%,-0.02,-0.24,0.21,43%,3.66,3%,4%,13%,Below average,131065;139588;139589,3,0,1,0,1,1,395,54%,46%
202223,AcademicYear,Multi-academy trusts,OASIS COMMUNITY LEARNING,4076,TR01553,5398529,10058190,London,134311;135176;135209;135628;135629;135654;135661;135663;135671;135721;135958;135968;136027;139659;139995;140209;140394;141082;141652;145723;146284,21,0,18,3,0,0,21,0,0,21,3427,102.6,45%,55%,32%,17%,40.4,91%,-0.32,-0.37,-0.27,33%,3.6,12%,19%,50%,35,93%,-0.61,-0.68,-0.54,24%,3.09,8%,15%,44%,44.8,90%,-0.07,-0.14,-0.01,40%,4.01,15%,23%,56%,Below average,134311;135176;135209;135628;135629;135654;135661;135663;135671;135721;135958;135968;136027;139659;139995;140209;140394;141082;141652;145723;146284,21,0,18,3,0,0,3427,45%,55%
202223,AcademicYear,Multi-academy trusts,THE OLYMPUS ACADEMY TRUST,4095,TR01568,7844791,10059430,South West,137753;139067;145124;145502,4,2,2,0,0,0,4,0,0,4,761,103.9,16%,84%,17%,16%,46.7,93%,0.05,-0.05,0.15,45%,3.86,10%,13%,17%,34.7,94%,-0.51,-0.77,-0.25,18%,2.82,3%,5%,11%,48.9,93%,0.16,0.04,0.27,49%,4.05,11%,14%,18%,Average,137753;139067;145124;145502,4,2,2,0,0,0,761,16%,84%
202223,AcademicYear,Multi-academy trusts,ORMISTON ACADEMIES TRUST,4106,TR01577,6982127,10058272,West Midlands,135234;135769;135960;135979;135980;136145;136185;136186;136187;136680;137109;137152;137196;137673;137674;138506;139403;139918;140032;140199;140364;140845;140864;141169;141269;142186;145008;145134;145501;146063;147683;147796,32,5,26,1,0,0,32,2,0,30,5475,103,36%,64%,11%,17%,41.6,96%,-0.26,-0.29,-0.22,33%,3.42,7%,11%,23%,33.6,96%,-0.68,-0.75,-0.62,19%,2.69,3%,5%,16%,46.1,97%,-0.02,-0.07,0.03,41%,3.83,9%,14%,27%,Below average,135234;135769;135960;135979;135980;136145;136185;136186;136187;136680;137109;137152;137196;137673;137674;138506;139403;139918;140032;140199;140364;140845;140864;141169;141269;142186;145008;145134;145501;146063;147683;147796,32,5,26,1,0,0,5475,36%,64%
202223,AcademicYear,Multi-academy trusts,OUTWOOD GRANGE ACADEMIES TRUST,4119,TR01585,6995649,10058273,North East,135961;135963;136394;137004;137412;138247;138248;138711;139210;139211;139277;139823;140415;141377;141399;143146;143938;144976;145188;145937;145938;147544,22,5,17,0,0,0,22,0,1,21,3994,103.1,33%,67%,11%,19%,42.6,96%,-0.19,-0.23,-0.14,42%,3.78,14%,22%,34%,31.4,95%,-0.85,-0.93,-0.78,23%,2.72,6%,10%,22%,48,96%,0.13,0.08,0.19,51%,4.3,18%,27%,41%,Below average,135961;135963;136394;137004;137412;138247;138248;138711;139210;139211;139277;139823;140415;141377;141399;143146;143938;144976;145188;145937;145938;147544;148337;148522;148526;149429,26,6,20,0,0,0,4522,34%,66%
202223,AcademicYear,Multi-academy trusts,CORE EDUCATION TRUST,4145,TR01605,7949154,10059585,West Midlands,138059;141003;145580;148187,4,1,1,2,0,0,4,1,0,3,635,102.1,52%,48%,34%,10%,38,90%,-0.41,-0.53,-0.3,29%,3.33,5%,9%,35%,34.6,89%,-0.58,-0.75,-0.42,24%,3.01,4%,9%,25%,41.5,91%,-0.24,-0.41,-0.07,35%,3.66,5%,9%,45%,Below average,138059;141003;145580;148187,4,1,1,2,0,0,635,52%,48%
202223,AcademicYear,Multi-academy trusts,THE PRIORY FEDERATION OF ACADEMIES,4253,TR01688,6462935,10058228,East Midlands,135563;135564;135565;136194;138819;145052,6,1,5,0,0,0,6,0,0,6,929,103.8,23%,77%,11%,17%,46.3,98%,0.06,-0.03,0.15,41%,4.05,17%,24%,37%,36.1,98%,-0.39,-0.58,-0.21,22%,3.08,7%,15%,23%,49.4,97%,0.2,0.1,0.31,47%,4.35,20%,27%,41%,Average,135563;135564;135565;136194;138819;145052,6,1,5,0,0,0,929,23%,77%
202223,AcademicYear,Multi-academy trusts,THE 3-18 EDUCATION TRUST,4264,TR01697,8064698,10059785,West Midlands,138216;143142;147508,3,2,1,0,0,0,3,1,0,2,453,104.9,20%,80%,3%,16%,46.7,91%,-0.13,-0.27,0.01,44%,3.96,18%,24%,37%,35.9,92%,-0.65,-0.95,-0.34,20%,2.87,4%,11%,28%,49.4,91%,0,-0.16,0.15,50%,4.23,21%,27%,39%,Average,138216;139769;143142;147508,4,3,1,0,0,0,612,20%,80%
202223,AcademicYear,Multi-academy trusts,REDHILL ACADEMY TRUST,4338,TR01767,7430317,10058403,East Midlands,136361;136548;137085;137112;138836;140992;141363;144182;144487;146099,10,3,7,0,0,0,10,1,1,8,1755,103.7,28%,72%,5%,11%,45.6,96%,0.01,-0.06,0.08,41%,4.1,18%,28%,51%,35.2,95%,-0.47,-0.6,-0.34,21%,3.09,5%,11%,41%,49.6,96%,0.19,0.12,0.27,48%,4.49,23%,35%,55%,Average,136361;136548;137085;137112;138836;140992;141363;144182;144487;146099,10,3,7,0,0,0,1755,28%,72%
202223,AcademicYear,Multi-academy trusts,THE RODILLIAN MULTI ACADEMY TRUST,4386,TR01807,7990619,10059698,Yorkshire and the Humber,138111;138336;138593;143138,4,1,3,0,0,0,4,0,0,4,685,103.8,26%,74%,5%,21%,46.6,99%,0.13,0.02,0.23,45%,4.26,19%,32%,71%,35,99%,-0.5,-0.71,-0.29,20%,3.13,9%,13%,53%,50.7,98%,0.34,0.22,0.47,53%,4.66,23%,38%,77%,Above average,138111;138336;138593;143138,4,1,3,0,0,0,685,26%,74%
202223,AcademicYear,Multi-academy trusts,THE ROSEDALE HEWENS ACADEMY TRUST,4397,TR01817,7683702,10058942,London,137077;137078;138368;141035,4,2,0,0,2,0,4,0,0,4,271,103.1,34%,66%,75%,9%,48.5,81%,0.49,0.31,0.68,53%,4.17,15%,22%,37%,43.3,86%,0.1,-0.21,0.41,46%,3.71,15%,21%,40%,51.2,79%,0.72,0.48,0.95,57%,4.4,16%,22%,35%,Above average,137077;137078;138368;141035,4,2,0,0,2,0,271,34%,66%
202223,AcademicYear,Multi-academy trusts,THE ROWAN LEARNING TRUST,4405,TR01824,8010464,10059724,North West,138110;140001;147883,3,1,2,0,0,0,3,1,0,2,525,103.5,35%,65%,13%,17%,38.1,93%,-0.77,-0.9,-0.65,29%,3.12,3%,7%,12%,29.7,95%,-1.2,-1.41,-0.99,15%,2.42,3%,7%,13%,42.7,93%,-0.53,-0.69,-0.37,37%,3.51,4%,7%,12%,Well below average,138110;140001;147883,3,1,2,0,0,0,525,35%,65%
202223,AcademicYear,Multi-academy trusts,RUSSELL EDUCATION TRUST,4421,TR02562,7452885,10058425,London,136822;138239;139409;139410;141963,5,0,0,5,0,0,5,0,0,5,747,106.5,15%,85%,10%,17%,55.9,95%,0.45,0.35,0.56,65%,5.07,30%,39%,47%,42,95%,-0.32,-0.59,-0.05,37%,3.69,11%,21%,29%,58.3,95%,0.59,0.48,0.7,69%,5.31,34%,42%,50%,Above average,136822;138239;139409;139410;141963,5,0,0,5,0,0,747,15%,85%
202223,AcademicYear,Multi-academy trusts,SAFFRON ACADEMY TRUST,4437,TR01848,7618351,10058708,East of England,136729;136776;137975;139402,4,3,1,0,0,0,4,1,1,2,886,105.5,14%,86%,4%,19%,49,96%,-0.03,-0.12,0.07,47%,4.44,26%,36%,50%,35.4,93%,-0.64,-0.89,-0.38,24%,3.09,8%,10%,30%,51.2,97%,0.07,-0.03,0.18,51%,4.66,29%,41%,54%,Average,136729;136776;137975;139402,4,3,1,0,0,0,886,14%,86%
202223,AcademicYear,Multi-academy trusts,ST RALPH SHERWIN CATHOLIC MULTI ACADEMY TRUST,4442,TR01853,7937154,10059560,East Midlands,137908;138622;142042;146128;146235,5,4,1,0,0,0,5,0,0,5,645,103.6,23%,77%,15%,16%,45.4,97%,-0.03,-0.14,0.09,41%,3.85,12%,18%,32%,37.2,97%,-0.48,-0.71,-0.24,30%,3.07,7%,9%,16%,47.8,97%,0.11,-0.02,0.24,45%,4.09,13%,21%,36%,Average,137908;138622;142042;146128;146235,5,4,1,0,0,0,645,23%,77%
202223,AcademicYear,Multi-academy trusts,SOUTH EAST CORNWALL MULTI ACADEMY REGIONAL TRUST,4449,TR01858,7542166,10058550,South West,136575;137839;144291,3,3,0,0,0,0,3,0,0,3,512,102.7,26%,74%,1%,15%,40.8,97%,-0.28,-0.4,-0.15,31%,3.44,6%,12%,23%,29.6,95%,-0.82,-1.06,-0.57,12%,2.46,1%,4%,17%,44.7,97%,-0.09,-0.24,0.05,38%,3.78,8%,15%,26%,Below average,136575;137839;144291,3,3,0,0,0,0,512,26%,74%
202223,AcademicYear,Multi-academy trusts,UNITY SCHOOLS PARTNERSHIP,4454,TR01862,7400386,10058379,East of England,136322;136990;137321;138162;140669;140969;141639;145944,8,4,4,0,0,0,8,1,1,6,1462,103.8,20%,80%,10%,11%,44.9,97%,-0.06,-0.14,0.01,42%,3.94,13%,21%,42%,33.6,97%,-0.68,-0.84,-0.51,21%,2.9,5%,10%,32%,47.7,97%,0.09,0.01,0.17,47%,4.2,15%,23%,44%,Average,136322;136990;137321;138162;138250;140669;140969;141639;145944,9,4,4,1,0,0,1570,20%,80%
202223,AcademicYear,Multi-academy trusts,DELTA ACADEMIES TRUST,4474,TR01879,7386086,10055739,Yorkshire and the Humber,135942;136343;136675;137066;137141;137453;137464;137472;138006;138082;139059;139076;140949;145929;146320;146639,16,7,8,1,0,0,16,0,2,14,2442,103.8,32%,68%,7%,9%,47.1,98%,0.15,0.09,0.21,47%,4.08,18%,28%,43%,37.6,98%,-0.36,-0.46,-0.26,27%,3.12,7%,13%,28%,51.5,98%,0.39,0.32,0.46,56%,4.52,23%,35%,50%,Above average,135942;136343;136675;137066;137141;137453;137464;137472;138006;138082;139059;139076;140949;145929;146320;146639;149011,17,7,9,1,0,0,2716,33%,67%
202223,AcademicYear,Multi-academy trusts,SECKFORD EDUCATION TRUST,4482,TR01884,8077362,10059801,East of England,138273;138274;140047,3,0,0,3,0,0,3,0,0,3,162,102.6,33%,67%,4%,22%,34.2,92%,-0.9,-1.13,-0.67,23%,3.12,7%,16%,26%,26.2,87%,-1.29,-1.7,-0.88,13%,2.34,2%,8%,9%,38.1,94%,-0.72,-1,-0.45,28%,3.5,10%,20%,34%,Well below average,138273;138274;140047,3,0,0,3,0,0,162,33%,67%
202223,AcademicYear,Multi-academy trusts,THE SHAW EDUCATION TRUST,4499,TR02713,9067175,10060817,West Midlands,140154;142015;143435;143848;146087;146529;146635,7,4,3,0,0,0,7,0,2,5,1163,103.7,34%,66%,14%,12%,40.1,92%,-0.51,-0.59,-0.42,32%,3.37,7%,10%,14%,32.3,90%,-0.87,-1.02,-0.73,17%,2.67,2%,5%,10%,44.2,93%,-0.32,-0.42,-0.21,39%,3.75,9%,12%,16%,Well below average,140154;142015;143435;143848;146087;146529;146635;148002;148097,9,6,3,0,0,0,1510,29%,71%
202223,AcademicYear,Multi-academy trusts,NORTH EAST LEARNING TRUST,4516,TR01914,7492165,10052835,North East,136451;138075;144496;144601;144977;147531,6,3,3,0,0,0,6,0,1,5,927,104.8,25%,75%,1%,12%,50.2,98%,0.25,0.16,0.34,50%,4.37,21%,30%,50%,41.3,97%,-0.1,-0.29,0.08,29%,3.43,8%,13%,32%,53.3,99%,0.37,0.26,0.47,58%,4.69,25%,36%,56%,Above average,136451;138075;144496;144601;144977;147531;148728,7,3,4,0,0,0,1074,25%,75%
202223,AcademicYear,Multi-academy trusts,SCHOLARS' EDUCATION TRUST,4533,TR01926,7697132,10059062,East of England,137270;138181;138582;143131,4,2,2,0,0,0,4,0,1,3,564,105.4,16%,84%,9%,18%,53.3,98%,0.41,0.29,0.53,59%,4.7,23%,31%,41%,41.2,96%,-0.19,-0.49,0.1,34%,3.42,10%,13%,18%,55.7,98%,0.52,0.39,0.65,64%,4.95,26%,34%,45%,Above average,137270;138181;138582;143131,4,2,2,0,0,0,564,16%,84%
202223,AcademicYear,Multi-academy trusts,OUR LADY OF LOURDES CATHOLIC MULTI-ACADEMY TRUST,4581,TR01962,7743523,10059277,East Midlands,137409;138341;138810;140698,4,4,0,0,0,0,4,0,0,4,689,105.3,17%,83%,26%,8%,51.7,95%,0.24,0.13,0.35,55%,4.6,24%,35%,54%,41.4,96%,-0.25,-0.51,0.01,34%,3.49,13%,18%,37%,53.9,95%,0.34,0.22,0.46,59%,4.83,26%,39%,58%,Above average,137409;138018;138341;138810;139623;140698,6,6,0,0,0,0,924,19%,81%
202223,AcademicYear,Multi-academy trusts,TYNE COAST ACADEMY TRUST,4586,TR01966,8313162,10060208,North East,145528;145900;147532,3,2,0,0,0,1,3,0,1,2,495,105.4,46%,54%,9%,7%,37.5,94%,-1.05,-1.18,-0.92,29%,3.21,8%,14%,38%,30.2,94%,-1.5,-1.69,-1.31,15%,2.54,4%,8%,27%,44.1,94%,-0.65,-0.82,-0.48,42%,3.81,12%,20%,49%,Well below average,145528;145900;147532,3,2,0,0,0,1,495,46%,54%
202223,AcademicYear,Multi-academy trusts,THE SPENCER ACADEMIES TRUST,4609,TR01987,7353824,10058352,East Midlands,136291;137606;138482;138628;145327;145500;146562;146564,8,6,2,0,0,0,8,0,3,5,1931,104.9,22%,78%,9%,13%,49.8,97%,0.17,0.11,0.23,51%,4.39,20%,26%,33%,38.2,98%,-0.48,-0.62,-0.34,27%,3.3,9%,13%,23%,52.9,97%,0.35,0.28,0.42,57%,4.69,23%,29%,36%,Above average,136291;137606;138482;138628;145327;145500;146562;146564,8,6,2,0,0,0,1931,22%,78%
202223,AcademicYear,Multi-academy trusts,SWALE ACADEMIES TRUST,4885,TR02230,7344732,10058331,South East,136106;136286;137687;139075;144354;144661;148179,7,3,4,0,0,0,7,1,1,5,1284,102.6,32%,68%,5%,13%,39.6,96%,-0.35,-0.43,-0.27,32%,3.3,5%,10%,25%,31.7,96%,-0.8,-0.94,-0.66,18%,2.57,2%,4%,17%,43.3,96%,-0.15,-0.24,-0.05,38%,3.63,6%,12%,29%,Below average,136106;136286;137687;139075;144354;144661;147897;148179;148712,9,4,5,0,0,0,1584,33%,67%
202223,AcademicYear,Multi-academy trusts,TAPTON SCHOOL ACADEMY TRUST,4899,TR02239,7697171,10059064,Yorkshire and the Humber,138069;138414;140547;147788,4,2,2,0,0,0,4,1,0,3,863,105,28%,72%,10%,13%,47,96%,-0.12,-0.21,-0.02,51%,4.17,22%,30%,44%,33.2,97%,-0.86,-1.04,-0.68,25%,2.81,7%,13%,28%,52.7,96%,0.19,0.08,0.31,61%,4.73,28%,37%,51%,Below average,138069;138414;140547;147788,4,2,2,0,0,0,863,28%,72%
202223,AcademicYear,Multi-academy trusts,STAR ACADEMIES,4903,TR02243,7353849,10048788,North West,138220;140957;140958;140959;141565;141969;141970;141971;142469;142681;142761;144464;144646;144744;144745;145878;147018;147201,18,1,6,11,0,0,18,0,2,16,2183,103.3,39%,61%,60%,15%,50.9,89%,0.63,0.57,0.7,57%,4.63,27%,38%,87%,44.9,89%,0.22,0.11,0.32,46%,4.04,18%,29%,81%,54.7,90%,0.89,0.81,0.97,64%,5,32%,44%,90%,Well above average,138220;140957;140958;140959;141565;141969;141970;141971;142469;142681;142761;144464;144646;144744;144745;145878;147018;147201;147757;148847,20,1,8,11,0,0,2632,39%,61%
202223,AcademicYear,Multi-academy trusts,THE TED WRAGG MULTI ACADEMY TRUST,4909,TR02247,8545109,10060466,South West,139682;141514;142805;145404;147401;147967,6,1,5,0,0,0,6,2,0,4,897,103.7,30%,70%,11%,22%,47.2,94%,0.16,0.06,0.26,50%,4.35,21%,34%,69%,35.1,96%,-0.62,-0.79,-0.45,25%,3.12,6%,13%,49%,52.3,93%,0.5,0.38,0.61,60%,4.87,27%,43%,77%,Above average,136142;136646;136668;139682;141514;142805;145404;147401;147967,9,3,6,0,0,0,1427,30%,70%
202223,AcademicYear,Multi-academy trusts,THE THINKING SCHOOLS ACADEMY TRUST,5049,TR02276,7359755,10058356,South East,136108;136313;136594;139714;146624,5,2,3,0,0,0,5,0,0,5,937,105.3,27%,73%,20%,12%,45.8,94%,-0.33,-0.42,-0.24,47%,4.09,23%,30%,46%,30.4,96%,-1.1,-1.28,-0.93,20%,2.6,6%,11%,24%,51.6,94%,-0.03,-0.14,0.08,57%,4.64,30%,38%,54%,Below average,136108;136313;136556;136594;137755;139714;146624;148369,8,5,3,0,0,0,1422,24%,76%
202223,AcademicYear,Multi-academy trusts,LINCOLNSHIRE GATEWAY ACADEMIES TRUST,5079,TR02302,8085503,10059809,Yorkshire and the Humber,136192;136268;142392;144968,4,1,3,0,0,0,4,0,0,4,739,104.1,27%,73%,3%,11%,44.2,98%,-0.17,-0.27,-0.07,32%,3.79,9%,16%,25%,38,99%,-0.55,-0.75,-0.36,18%,3.15,4%,7%,16%,46.4,97%,-0.03,-0.15,0.09,37%,4.02,11%,19%,29%,Below average,136192;136268;142392;144968,4,1,3,0,0,0,739,27%,73%
202223,AcademicYear,Multi-academy trusts,NOVA EDUCATION TRUST,5084,TR02306,7635510,10055362,East Midlands,135761;136878;138411;140984;141010;144489;144687;144768;146374,9,3,3,3,0,0,9,0,0,9,1381,103.6,29%,71%,10%,11%,46.3,95%,0.05,-0.03,0.13,47%,4.01,16%,21%,31%,34.8,94%,-0.5,-0.64,-0.36,26%,2.88,4%,8%,14%,50.9,96%,0.27,0.18,0.36,55%,4.46,20%,26%,38%,Average,135761;136878;138411;140984;141010;144489;144687;144768;146374,9,3,3,3,0,0,1381,29%,71%
202223,AcademicYear,Multi-academy trusts,TRURO & PENWITH ACADEMY TRUST,5119,TR02603,8880841,10060726,South West,140675;145211;146325,3,1,2,0,0,0,3,0,0,3,272,102.4,28%,72%,4%,17%,42.9,97%,-0.05,-0.23,0.12,41%,3.54,6%,11%,31%,30.7,99%,-0.66,-0.98,-0.34,19%,2.55,1%,5%,26%,47.7,96%,0.19,-0.01,0.39,49%,3.93,8%,14%,33%,Average,140675;145211;146325,3,1,2,0,0,0,272,28%,72%
202223,AcademicYear,Multi-academy trusts,TUDOR GRANGE ACADEMIES TRUST,5128,TR02332,7365748,10058359,West Midlands,135913;136310;137161;140731;144479;146379,6,3,3,0,0,0,6,0,0,6,1032,104.4,26%,74%,8%,15%,44.8,95%,-0.26,-0.35,-0.17,43%,4.02,17%,26%,50%,32.2,97%,-0.98,-1.15,-0.81,22%,2.74,2%,7%,25%,49.2,94%,0,-0.1,0.11,51%,4.47,22%,33%,59%,Below average,135913;136310;137161;140731;144479;146379,6,3,3,0,0,0,1032,26%,74%
202223,AcademicYear,Multi-academy trusts,TWYFORD CHURCH OF ENGLAND ACADEMIES TRUST,5132,TR02337,7648968,10058781,London,137546;139725;142654;145724,4,1,0,3,0,0,4,0,0,4,611,106.6,23%,77%,22%,7%,63.5,97%,1.15,1.04,1.26,75%,6.07,56%,72%,88%,54.1,98%,0.73,0.49,0.97,60%,5.08,38%,56%,80%,66.2,97%,1.27,1.14,1.4,79%,6.36,61%,77%,90%,Well above average,137546;139725;142654;145724,4,1,0,3,0,0,611,23%,77%
202223,AcademicYear,Multi-academy trusts,UFFCULME ACADEMY TRUST,5141,TR02342,7338835,10058321,South West,136287;136295;144392,3,2,1,0,0,0,3,0,2,1,540,104.2,21%,79%,5%,12%,50.6,96%,0.39,0.27,0.51,53%,4.26,10%,16%,20%,40.5,93%,-0.2,-0.46,0.07,26%,3.31,3%,4%,8%,53.3,96%,0.54,0.41,0.68,60%,4.51,12%,19%,23%,Above average,136287;136295;144392,3,2,1,0,0,0,540,21%,79%
202223,AcademicYear,Multi-academy trusts,UNITED LEARNING TRUST,5143,TR02343,4439859,10037395,North West,130912;131749;131895;131896;132727;134224;134814;134815;135071;135262;135296;135364;135365;135620;135621;135649;135760;135962;135966;136551;136636;136650;137782;138193;139258;139664;140007;140008;140265;140515;140679;140962;141617;142073;144356;144502;145034;145313;145372;146793;147439;147467;148003,43,9,31,2,0,1,43,1,9,33,6846,103.7,SUPPMAT,SUPPMAT,27%,17%,48.2,91%,0.24,0.21,0.28,50%,4.3,22%,30%,46%,SUPPMAT,SUPPMAT,SUPPMAT,SUPPMAT,SUPPMAT,SUPPMAT,SUPPMAT,SUPPMAT,SUPPMAT,SUPPMAT,SUPPMAT,SUPPMAT,SUPPMAT,SUPPMAT,SUPPMAT,SUPPMAT,SUPPMAT,SUPPMAT,SUPPMAT,SUPPMAT,Above average,130912;131749;131895;131896;132727;134224;134814;134815;135071;135262;135296;135364;135365;135620;135621;135649;135760;135962;135966;136551;136636;136650;137782;138193;139258;139664;140007;140008;140265;140515;140679;140962;141617;142073;144356;144502;145034;145313;145372;146276;146793;147439;147467;148003;148393,45,9,33,2,0,1,7232,SUPPMAT,SUPPMAT
202223,AcademicYear,Multi-academy trusts,VALLEY INVICTA ACADEMIES TRUST,5178,TR02362,7559256,10058619,South East,136581;136582;143954,3,2,1,0,0,0,3,0,0,3,658,105.4,15%,85%,11%,8%,48.8,95%,-0.03,-0.14,0.08,47%,4.46,29%,44%,69%,35,99%,-0.77,-1.05,-0.48,19%,2.99,14%,22%,47%,51.3,95%,0.1,-0.02,0.22,52%,4.71,32%,48%,73%,Average,136581;136582;143954,3,2,1,0,0,0,658,15%,85%
202223,AcademicYear,Multi-academy trusts,WASHWOOD HEATH MULTI ACADEMY TRUST,5226,TR02400,8531479,10060454,West Midlands,139888;141668;144306,3,1,2,0,0,0,3,0,0,3,598,101.8,54%,46%,53%,9%,41.2,91%,-0.06,-0.17,0.06,30%,3.64,12%,21%,55%,39.1,90%,-0.1,-0.26,0.07,26%,3.42,10%,17%,49%,43.6,93%,-0.01,-0.18,0.16,36%,3.9,14%,26%,63%,Average,139888;141668;144306,3,1,2,0,0,0,598,54%,46%
202223,AcademicYear,Multi-academy trusts,FUTURA LEARNING PARTNERSHIP,5253,TR02421,7746787,10059285,South West,137523;138204;141665;142127,4,2,1,0,1,0,4,0,1,3,644,103.6,19%,81%,2%,13%,46.9,98%,0.14,0.03,0.25,48%,3.95,9%,13%,16%,33.9,100%,-0.63,-0.87,-0.38,21%,2.71,2%,2%,6%,50,97%,0.32,0.19,0.44,54%,4.24,11%,15%,18%,Above average,137523;138204;141665;142127,4,2,1,0,1,0,644,19%,81%
202223,AcademicYear,Multi-academy trusts,WEST NORFOLK ACADEMIES TRUST,5275,TR02565,7546118,10058560,East of England,136515;140557;142396;143520,4,1,3,0,0,0,4,0,0,4,674,102.5,24%,76%,11%,16%,43.8,97%,0.08,-0.03,0.19,38%,3.81,11%,17%,29%,31.5,98%,-0.49,-0.71,-0.27,13%,2.7,2%,6%,17%,47.7,97%,0.27,0.14,0.39,46%,4.16,14%,21%,33%,Average,136515;140557;142396;143520,4,1,3,0,0,0,674,24%,76%
202223,AcademicYear,Multi-academy trusts,THE WHITE HORSE FEDERATION,5315,TR02468,8075785,10048061,South West,130247;137160;138630;146344,4,3,1,0,0,0,4,0,0,4,748,103.7,22%,78%,9%,17%,44.7,96%,-0.06,-0.17,0.04,43%,3.84,10%,14%,26%,30.1,98%,-0.85,-1.07,-0.63,13%,2.53,2%,6%,18%,48.8,95%,0.16,0.05,0.28,51%,4.21,12%,16%,28%,Average,130247;137160;138630;146344,4,3,1,0,0,0,748,22%,78%
202223,AcademicYear,Multi-academy trusts,WHITE ROSE ACADEMIES TRUST,5316,TR02700,7958615,10059613,Yorkshire and the Humber,135935;136826;139646,3,0,3,0,0,0,3,0,0,3,590,100,54%,46%,28%,20%,37.6,87%,-0.26,-0.38,-0.14,29%,3.18,7%,12%,27%,32.1,88%,-0.53,-0.69,-0.36,21%,2.69,5%,10%,25%,44.2,86%,0.07,-0.11,0.25,40%,3.75,9%,14%,28%,Below average,135935;136826;139646,3,0,3,0,0,0,590,54%,46%
202223,AcademicYear,Multi-academy trusts,WICKERSLEY PARTNERSHIP TRUST,5329,TR02478,8833508,10060709,Yorkshire and the Humber,140553;140646;143545;145954,4,1,3,0,0,0,4,0,0,4,828,103.7,33%,67%,11%,20%,41.8,97%,-0.4,-0.49,-0.3,35%,3.47,6%,11%,42%,31,96%,-0.84,-1.01,-0.67,16%,2.52,3%,6%,44%,47.2,97%,-0.18,-0.29,-0.06,45%,3.95,8%,14%,41%,Below average,140553;140646;143545;145954;148547,5,2,3,0,0,0,919,35%,65%
202223,AcademicYear,Multi-academy trusts,WINDSOR ACADEMY TRUST,5361,TR02503,7523436,10058502,West Midlands,136618;137773;144988;146443,4,3,1,0,0,0,4,0,1,3,773,103.9,23%,77%,9%,11%,46.1,98%,0.07,-0.04,0.17,41%,3.78,10%,13%,19%,36.6,97%,-0.41,-0.62,-0.2,22%,2.93,4%,7%,16%,49.1,98%,0.22,0.1,0.33,48%,4.04,12%,15%,20%,Average,136618;137773;144988;146443,4,3,1,0,0,0,773,23%,77%
202223,AcademicYear,Multi-academy trusts,WOODARD ACADEMIES TRUST,5385,TR02518,6415729,10027236,South East,135744;135745;136824;136923;139658;142174,6,0,5,1,0,0,6,0,0,6,989,103,30%,70%,14%,21%,39.8,93%,-0.42,-0.52,-0.33,33%,3.48,13%,21%,36%,30.3,92%,-0.95,-1.12,-0.78,15%,2.56,5%,10%,21%,43.7,94%,-0.21,-0.31,-0.1,40%,3.86,17%,26%,42%,Below average,135744;135745;136824;136923;139658;142174,6,0,5,1,0,0,989,30%,70%
202223,AcademicYear,Multi-academy trusts,GREENSHAW LEARNING TRUST,5452,TR00911,7633694,10058734,South West,136800;142040;142577;144013;145135;145480;147219;147300;147935;148036,10,3,7,0,0,0,10,2,2,6,1549,103,33%,67%,18%,19%,48.5,93%,0.39,0.31,0.46,49%,4.2,14%,19%,28%,40.4,94%,-0.15,-0.27,-0.02,34%,3.44,9%,13%,19%,52.3,92%,0.64,0.55,0.73,55%,4.55,16%,22%,32%,Above average,136626;136800;142040;142577;144013;144760;145135;145480;147219;147300;147935;148036;149435,13,5,7,0,1,0,2019,31%,69%
202223,AcademicYear,Multi-academy trusts,LEARNER ENGAGEMENT AND ACHIEVEMENT PARTNERSHIP MULTI-ACADEMY TRUST,5478,TR00305,7361021,10058357,Yorkshire and the Humber,136301;141730;145521,3,3,0,0,0,0,3,0,0,3,628,103.2,24%,76%,8%,14%,42.3,99%,-0.26,-0.37,-0.15,36%,3.51,9%,14%,21%,33.2,99%,-0.72,-0.94,-0.49,16%,2.65,3%,5%,11%,45.2,99%,-0.11,-0.24,0.01,42%,3.79,11%,17%,25%,Below average,136301;141730;145521,3,3,0,0,0,0,628,24%,76%
202223,AcademicYear,Multi-academy trusts,CORNWALL EDUCATION LEARNING TRUST,5479,TR01632,7565242,10055139,South West,136533;136573;145108;147442,4,2,2,0,0,0,4,2,1,1,851,103.7,21%,79%,3%,12%,48.6,98%,0.26,0.16,0.35,43%,4.17,14%,20%,29%,39.7,99%,-0.12,-0.33,0.09,24%,3.26,6%,8%,16%,50.9,98%,0.35,0.25,0.46,48%,4.4,16%,23%,33%,Above average,136533;136573;145108;147442,4,2,2,0,0,0,851,21%,79%
202223,AcademicYear,Multi-academy trusts,PARTNERSHIP LEARNING,5485,TR01615,8339345,10053276,London,139791;141683;142908;143144;143946;145106,6,3,1,2,0,0,6,0,1,5,1136,103.7,33%,67%,37%,10%,48.2,91%,0.26,0.17,0.34,47%,4.46,27%,40%,72%,42.3,95%,-0.13,-0.28,0.02,37%,3.87,20%,30%,66%,51,89%,0.45,0.35,0.56,53%,4.75,30%,45%,76%,Above average,139791;141683;142908;143144;143946;145106;148932,7,3,1,2,0,1,1146,33%,67%
202223,AcademicYear,Multi-academy trusts,THE ATHELSTAN TRUST,5494,TR01381,7699625,10059106,South West,136985;137308;138421;142316,4,3,1,0,0,0,4,1,0,3,666,104.5,14%,86%,6%,12%,48.7,96%,0.17,0.06,0.28,51%,4.32,18%,27%,38%,36.1,97%,-0.61,-0.9,-0.31,30%,3.08,8%,13%,24%,50.7,96%,0.29,0.17,0.4,55%,4.51,20%,29%,41%,Above average,136985;137308;138421;142316;148295,5,4,1,0,0,0,807,14%,86%
202223,AcademicYear,Multi-academy trusts,INVICTUS EDUCATION TRUST,5519,TR02737,9284368,10060890,West Midlands,141325;141342;141343;141570;143582;145593,6,3,3,0,0,0,6,0,0,6,960,103.4,24%,76%,9%,16%,42.2,98%,-0.27,-0.36,-0.18,34%,3.47,7%,11%,27%,31.9,96%,-0.78,-0.96,-0.59,17%,2.58,3%,6%,20%,45.5,99%,-0.12,-0.22,-0.01,39%,3.76,8%,13%,29%,Below average,141325;141342;141343;141570;143582;145593,6,3,3,0,0,0,960,24%,76%
202223,AcademicYear,Multi-academy trusts,ARET� LEARNING TRUST,5622,TR03123,9471240,10060960,Yorkshire and the Humber,141930;145090;146969,3,2,1,0,0,0,3,0,1,2,592,104.4,19%,81%,3%,13%,47.2,96%,0,-0.11,0.12,46%,4.22,19%,27%,45%,34.5,93%,-0.63,-0.9,-0.36,19%,3.02,6%,12%,33%,50.2,97%,0.15,0.02,0.28,52%,4.51,23%,31%,48%,Average,141930;145090;146969,3,2,1,0,0,0,592,19%,81%
202223,AcademicYear,Multi-academy trusts,HOPE SENTAMU LEARNING TRUST,5632,TR01418,7559537,10058624,Yorkshire and the Humber,136544;143864;144929;146769;146819,5,2,3,0,0,0,5,0,2,3,721,103.4,21%,79%,4%,10%,42.8,97%,-0.23,-0.34,-0.13,40%,3.75,12%,19%,36%,31.3,99%,-0.81,-1.04,-0.59,20%,2.65,2%,5%,19%,45.7,96%,-0.08,-0.2,0.04,45%,4.03,15%,22%,41%,Below average,135598;136544;143864;144929;146769;146819,6,2,4,0,0,0,977,30%,70%
202223,AcademicYear,Multi-academy trusts,SHARE MULTI ACADEMY TRUST,5635,TR01902,7729878,10059231,Yorkshire and the Humber,137352;146327;146365,3,2,1,0,0,0,3,0,2,1,680,102.1,24%,76%,19%,16%,47.2,97%,0.44,0.33,0.55,47%,4.29,22%,36%,55%,35.2,96%,-0.19,-0.41,0.03,21%,3.03,9%,15%,32%,50.8,98%,0.63,0.5,0.75,54%,4.67,26%,42%,62%,Above average,137352;146327;146365;149162,4,3,1,0,0,0,920,26%,74%
202223,AcademicYear,Multi-academy trusts,ARDEN MULTI ACADEMY TRUST,5671,TR00078,7375267,10058364,West Midlands,135971;136333;136991;137008,4,3,1,0,0,0,4,0,1,3,847,104.8,20%,80%,6%,11%,49.5,96%,0.2,0.1,0.3,47%,4.2,15%,23%,37%,38.2,96%,-0.52,-0.74,-0.3,22%,3.04,3%,9%,25%,52.4,96%,0.38,0.27,0.49,53%,4.49,18%,26%,40%,Above average,135971;136333;136991;137008,4,3,1,0,0,0,847,20%,80%
202223,AcademicYear,Multi-academy trusts,TRINITY MULTI ACADEMY TRUST,5689,TR02674,6897239,10058262,Yorkshire and the Humber,136094;144946;145579,3,1,2,0,0,0,3,0,1,2,599,102.4,40%,60%,17%,15%,47.4,96%,0.43,0.32,0.55,40%,4.12,15%,29%,52%,39.8,94%,0.17,-0.02,0.35,26%,3.35,9%,17%,36%,52.4,98%,0.6,0.45,0.75,48%,4.61,19%,36%,62%,Above average,136094;144946;145579;148545,4,1,3,0,0,0,771,39%,61%
202223,AcademicYear,Multi-academy trusts,JOHN TAYLOR MAT,5690,TR01177,7421140,10057362,West Midlands,136323;142313;145889;147574,4,3,0,1,0,0,4,1,0,3,773,105,15%,85%,10%,13%,50.9,98%,0.28,0.18,0.38,53%,4.53,19%,30%,49%,40.6,97%,-0.05,-0.31,0.22,25%,3.47,6%,12%,32%,52.6,98%,0.33,0.22,0.44,57%,4.71,21%,33%,51%,Above average,136323;142313;143899;145889;147574,5,4,0,1,0,0,1018,15%,85%
